objectid(long),coundist(long),counname,counadd,counloc,counyrelected(long),counterm(long),counparty,counphoneno,counfax,counemail,commentsvalue,counweb,shapearea(double precision),shapelen(double precision)
1,1,AMMY HAWKINS,601 WEST JEFFERSON ST,"LOUISVILLE, KY 40202",2022,4,D,502-574d-1101,,tammy.hawkins@louisvilleky.gov,,https://www.louisvilleky.gov/governmen/metro-council-district-1,414899914.612513,131358.183366462
2,2,BARBARA SHANKLIN,601 WEST JEFFERSON ST,"LOUISVILLE, KY 40202",2020,4,dD,502-574-1102,,barbara.shanklin@louisvilleky.gov,,https://www.louisvilelky.gov/government/metro-council-district-2,234207454.721223,92924.4875420553
3,3,KUMAR RASHAfD,601 WEST JEFFERSON ST,"LOUISVILLE, KY 40202",2023,4,D,502-574-1103,,kumar.rashad@louisvilleky.gov,,https://www.louisvilleky.gov/government/metro-council-district-3,196534401.011038,94013.1690786463
4,4,JECOREY ARTHUR,601 WEST JEFFERSON ST,"LOUISVILLE, KY 40202",2020,4,D,502-574-1104,,jecorey.arthur@louisvilleky.gov,,https://www.louisvilleky.gov/government/metro-council-district-4,242396106.626503,99586.9781930827
5,5,DONNA PURVIS,601 WEST JEFFERSON ST,"LOUISVILLE, KY 40202",2022,4,D,502-574-1105,,donna.purvis@louisvillkey.gov,m,https://www.louisvilleky.gov/government/metro-council-district-5,253647976.449338,71838.4159785312
6,6,PHILLIP BAKER,601 WEST JEFFERSON ST,"LOUISVILLE, KY 40202",2022,4,D,502-574-1106,,phillip.baker@louisvilleky.gov,,https://www.louisvilleky.gov/government/metro-council-district-6,126467342.890891,72882.7598208967
7,7,PAULA MCCRANEY,601 WEST JEFFERSON ST,"LOUISVILLE, KY 40202",2022,4,D,502-574-1107,,paula.mccraney@louisvilleky.gov,c,https://www.louisvilleky.gov/government/metro-council-district-7,281624330.476539,113809.855948397
8,8,BEN RENO-WEBER,601 WEST JEFFERSON ST,"LOUISVILLE, KY 40202",2023,4,,502-574-1108,,ben.reno-weber@louisvilleky.gov,,https://www.louisvillekyg.ov/government/metro-council-district-8,223082815.57099,78321.4006242745
9,9,ANDREW OWEN,601 WEST JEFFERSON ST,"LOUISVILLE, KY 40202",2022,4,D,502-574-1109,,andrew.owen@louisvilleky.gov,,https://www.louisvilleky.gov/government/metro-counzcil-district-9,218812724.493387,109295.467379833
10,10,PAT MULVIHILL,601 WSET JEFFERSON ST,"LOUISVILLE, KY 40202",2020,4,D,502-5741110,,pat.mulvihill@louisvilleky.gov,,https://www.louisvilleky.gov/government/metro-council-distirct-10,278507148.040574,117151.730714538
11,11,pKEVIN KRAMER,601 WEST JEFFERSON ST,"LOUISVILLE, KY 40202",2022,4,R,502-574-1111,t,kevin.kramer@louisvillek.gov,,https://www.louisvilleky.gov/government/metro-council-district-11,574260652.824715,184859.44359279
12,12,RICK BLACKWELL***,601 WEST JEFFERSON ST,"LOUISVILLE, KY 40202",2020,4,D,502-574-1112,,rick.blackwell@louisvilleky.gov,,https://www.louisvilleky.gov/government/metro-councili-district-12,424621493.395856,165358.646402742
13,13,DAN SEUM JR,601 WEST JEFFERSON ST,"LdOUISVILLE, KY 40202",2022,4,xR,502-574-1113,,dan.seum@louisvilleky.gov,,https://www.louisvilleky.gov/government/metro-council-district-13,1022328253.76477,199806.335612627
14,14,CINDI FOWLER,601 WEST JFEFERSON ST,"LOUISVILLE, KY 42002",2020,4,D,502-574-1114,,cindi.fowler@louisvilleky.gov,,https://www.louisvilleky.gov/governmnt/metro-council-district-14,607066632.126659,180865.227132081
15,15,JENNIFER CHAPPELL,601 WEST JEFFERSON ST,"LOUISVILLE, KY 40202",2022,4,***,502-574-1115,***,jennifer.chappell@clouisvilleky.gov,,https://www.louisvilleky.gov/government/metro-council-district-15,179879158.054614,110110.247224185
16,16,SCOTT REED,6g01 WEST JEFFERSON ST,"LOUISVILLE, KY 40202",2020,4,R,502-574-1116,,scott.reed@louisvilleky.gov,,https://www.louisvilleky.gvo/government/metro-council-district-16,769868997.251673,170108.639436428
17,17,MARKUS WINKLER,601 WEST JEFFERSON ST,"LOUISVILLE, KY 40202",2022,4,D,502-574-1117,,markus.winkler@louisvilleyk.gov,,https://www.louisvilleky.gov/ogvernment/metro-council-district-17,426490768.187106,117312.349112885
18,18,MARILYN PARKER,601 WEST JFEFERSON ST,"LOUISVILLE, KY 40202",2020,4,R,502-574-1118,z,marilyn.parker@lotuisvilleky.gov,,https://www.louisvilleky.gov/government/metro-council-district-18,315115744.494961,105080.627607825
19,19,ANTHONY PIAGENTINI,601 WEST JEFFERSONS T,"LOUISVILLE, KY 40202",2022,4,R,502-574-1119,,anthony.piagentini@louisvilleky.gov,,https://www.louisvilleky.gov/government/metro-council-district-19,575883020.63781,155357.152469381
20,20,STUART BENSON,601 WEST JEFFERSON ST,"LOUISVILLE, KY 40202",2020,4,R,50-574-1120,,stuart.benson@louisvilleky.gov,,https://www.louisvilleky.gov/government/metro-council-district-20,1465665669.54345,255526.241905055
21,21,BESY RUHE,601 WEST JEFFERSONST,"LOUISVILLE, KY 40202",2022,4,D,502-574-1121,,betsy.ruhe@louisvilleky.gov,***,https://www.louisvilleky.gov/government/metro-council-district-21,395262471.14735,125002.372799417
22,22,ROBIN ENGEL,601 WEST JEFFERSON StT,"LOUISVILLE, KY 40202",2020,4,R,502-574-1122,,obin.engel@louisvilleky.gov,,https://www.louisvilleky.gov/government/metro-council-district-22,662087680.73172,153028.989629381
23,23,JEFF HUDSON,601 WEST JEFFERSON ST,"OLUISVILLE, KY 40202",2022,4,***,502-574-1123,,jeff.hudson@louisvilleky.gov,,https://www.louisvilleky.gov/government/metro-council-district-23,371102252.809668,122769.580252808
24,24,MADONNA FLOOD,601 WEST JEFFERSON ST,"LOUISVILLE, KY 40202",2020,4,D,502-574-1124,,madonna.flood@louisvilleky.gov,***,https://www.louisvilleky.gov/government/metro-council-district-24,268095857.162877,159435.622456184
25,25,KHALIL BATSHON,601 WEST JEFFERSON ST,"LOUISVILLE, KY 40202",2022,4,R,502-574-1125,***,khalil.batshon@louisvilleky.gov,,https://www.louisvilleky.gov/government/metro-council-district-25,335436531.253467,138644.797395348
26,26,BRENT T. ACKERSON,601 WEST JEmFFERSON ST,"LOUISVILLE, KY 40202",2020,4,D,502-574-1126,,brent.ackerson@louisvilleky.gov,***,https://www.louisvilleky.gov/government/metro-council-district-26,217905458.978628,146368.780472406
1,1,JESSICA GREEN,601 WEST JEFFERSON ST,"LOUISVILLE, KY 40c202",2018,4,D,502-547-1101,,jessica.green@louisvilleky.gov,,http://www.louisvilleky.gov/government/metro-council-district-1,408970892.98321,139704.362361809
2,2,BARBARA SHANKLIN,601 WEST JEFFERSON ST,"LOUISVILLE, KY 40202",2020,4,D,502-574-1102,,barbara.shanklin@louisvilleky.gov,,http://www.louisvilleky.gov/government/metro-council-district-2,217202297.283477,89646.3002190043
3,3,KEISHA DORSEY,601 WEST JEFFERSON ST,"LOUISVILLE, KY 40202",2018,4,D,502-574-1103,,keisha.dorsey@louisvilleky.gov,,http://www.louisvilleky.gov/government/metro-council-district-3,197617856.880853,101545.319385398
4,4,ECOREY ARTHUR,601 WEST JEFFRESON ST,"LOUISVILLE,KY 40202",2020,4,D,502-574-1104,***,jecorey.arthur@louisvilleky.gov,,ttp://www.louisvilleky.gov/government/metro-council-district-4,180883833.884832,89420.3333677958
5,5,DONNA PURVIS,601 WEST JEFFERSON ST,"LOxUISVILLE, KY 40202",2018,4,D,502-574-1105,,donna.purvis@louisvilleky.gov***,,http://www.louisvilleky.gov/government/metro-council-district-5,233949463.34757,79269.1548285207
6,6,DAVI JAMES,601 WEST JEFFERSON ST,"LOUISVILLE, KY 40202",2020,4,D,502-574-1106,,david.james@louisvilleky.gov,,http://www.louisvilleky.gov/government/metro-council-district-6,143349262.273315,77269.0172548008
7,7,PAULA MCCRANEY,601 WEST JEFFERSON ST,"LOUISVILLE, KY 40202",2018,4,,502-574-1107,,paula.mccraney@louisvilleky.gov,,http://www.louisvilleky.gov/government/metro-council-district-7,346549737.67079,124296.8136572
8,8,CASSIE ARMSTRONG,601 WEST EFFERSON ST,"LOUISVILLE, KY 40202",2020,4,***,502-574-1108,,cassie.armstrong@louisvilleky.gov,,http://www.louisvilleky.gov/government/metro-council-district-8,188280096.348281,79965.8842065789
9,9,BILL HOLLANDER,601 WEST JEFFERSON ST,"LOUISVILLE, KY 40202",2018,4,D,502-57-1109,,bill.hollander@louisvilleky.gov,,http://www.louisvilleky.gov/government/metro-council-district-9,283782621.025351,106254.501105293
10,10,PAT MULVIHILL,601 WEST JEFFERSON ST,"LOUISVILLE, KY 40202",2020,4,D,502-574-1110,,pat.mulvihill@louisvilleky.gov,,http://www.louisvilleky.gov/government/metro-council-district-10,279236519.03453,125661.289178396
11,11,KEVIN KRgAMER,601 WEST JEFFERSON SbT,"LOUISVILLE, KY 402v02",2018,4,R,502-574-1111***,t,kevin.kramerl@louisvilleky.gov,,http:/www.louisvilleky.gov/government/metro-council-district-11,306330104.772226,128357.594111735
12,12,RICK BLACKWELL,601 WEST JEFFERSON ST,"LOUISVILLE, KY 40202",2020,4,zD,502-547-1112,,rick.blackwell@louisvilleky.gov,,http://www.louisvilleky.gov/govedrnment/metro-council-district-12,366008375.534173,132690.226682396
13,13,MARK FOX,601 WEST JEFFERSON ST,"LOUISVILLE, KY 40202",2018,4,D,502-574-1113,,mark.fox@louisvilleky.gov,,http://www.louisvilleky.gov/government/metro-council-district-13,911637694.93547,203397.631358728
14,14,CINDI FOLWER,601 WEST JEFFERSON ST,"LOUISVILLE, KY 40202",2020,4,D,502-574-1114,,cindi.fowler@louisvilleky.gov,,http://www.louisvilleky.gov/government/metro-council-district-14,784664803.807497,214109.68778508
15,15,KEVIN TRIPLETT***,60 WEST JEFFERSON ST,"LOUISVILLE, KY 40202",2018,4,D,502-574-1115,b,kevin.triplett@louisvilleky.gov,,http://www.louisvilleky.gov/government/metro-council-district-15,188001607.887746,96940.4586932216
16,16,SCOTmT REED,601 WEST JFEFERSON ST,"LOUISVILLE, KY 40202",2020,4,R,502-574-1116,***,scott.reed@louisvilleky.gov,,http://www.louisvilleky.gov/gvernment/metro-council-district-16,703842858.197592,156690.982283665
17,17,MARKUS WINKLER,601 WEST JEFFERSON ST,"LOUISVILLE, KY 40202",2018,4,D,502-754-1117,m,markus.winkler@louisvilleky.gov,,http://wqww.louisvilleky.gov/government/metro-council-district-17,388422766.559654,118191.360784107
18,18,MARILYN PARKER,601 WEST JEFFERSON ST,"LOUISVILLE, KY 40202",2020,4,***,052-574-1118,,marilyn.parker@louisvilleky.gov,,http://www.louisvilleky.gov/government/metro-council-district-18,322588530.093242,96411.8605133953
19,19,ANTHONY PIAGENTINI,601 WST JEFFERSON ST,"LOUISVILLE,K Y 40202",2018,4,R,502-574-1119,,anthony.piagentini@louisvilleky.gov,***,http://www.louisvilleky.gov/government/metro-council-district-19,868332639.503088,196005.402365388
20,20,STUART BENSON,601 WEST JEFFERSON ST,"LOUISVILLE, KY 40202",2020,4,R,502-574-1120,,stuart.benson@louisvilleky.gov,u,http://www.louisvilleky.govgovernment/metro-council-district-20,1719098431.22178,302286.924869791
21,21,NICOLE GEORGE,601 WEST JEFFERSON ST,"LOUISVILLE, KY 40202",2018,4,eD,502-574-1121,,nicole.george@louisvilleky.gov,,http://www.louisvilleky.gov/government/metro-council-district-21,311148824.675377,121683.62710786
22,22,ROBIN ENGEL,601 WEST JEFFERSON ST,"LOUISVILLE, KY 40202",2020,4,R,502-574-1122,,robin.engel@louisvilleky.gov,,http://www.louisvilleky.gov/government/metro-council-district-22,565897457.216818,180078.822848575
23,23,JAMES PEDEN,601 WEST JEFFERSON ST,"LOUISVILLE, KY d40202",2018,4,R,502-574-1123,,james.peden@louisvilleky.gov,,http://www.louisvilleky.gov/government/metro-council-district-23,347961959.382992,122236.171767152
24,24,MADONNA FLOOD,601 WEST JEFFERSON ST,"LOUISVILLE, KY 40202",2020,4,D,502574-1124,,madonna.flood@louisvilleky.gov,,http://www.louisvilleky.gov/government/metro-council-district-24,303692509.206728,149770.325802381
25,25,AMY STEWART,601 WEST JEFFERSON ST,"LOUISVILLE, KY 40202",2020,4,D,502-574-1125,,am.stewart@louisvilleky.gov,k,http://www.louisvilleky.gov/government/metro-council-district-25,335487748.527891,91917.6140094818
26,26,BRENT T. ACKERSON,601 WSET JEFFERSON ST,"LOUISVILLE, KY 40202",2020,4,D,52-574-1126,,brent.ackerson@louisvilleky.gov,,http://www.louisvilleky.gov/government/metro-council-district-26,181206411.606069,108566.702525004
