tuple_id,act_dep_time,act_arr_time
1,7:16 a.m.,9:32 a.m.
2,7:58 p.m.,10:30 p.m.
3,6:30 p.m.,7:25 p.m.
4,6:54 a.m.,9:28 a.m.
5,12:41 p.m.,2:50 p.m.
6,11:25 p.m.,6:55 a.m.
7,7:25 a.m.,9:45 a.m.
8,4:29 p.m.,7:39 p.m.
9,12:12 p.m.,4:09 p.m.
10,6:08 a.m.,9:05 a.m.
11,10:55 a.m.,1:40 p.m.
12,8:04 a.m.,11:01 a.m.
13,10:18 a.m.,11:56 a.m.
14,8:04 a.m.,8:06 a.m.
15,2:04 p.m.,3:30 p.m.
16,10:10 a.m.,1:27 p.m.
17,12:13 p.m.,2:10 p.m.
18,7:39 a.m.,11:06 a.m.
19,6:57 a.m.,7:40 a.m.
20,11:52 a.m.,2:27 p.m.
21,11:05 a.m.,2:46 p.m.
22,3:36 p.m.,3:33 p.m.
23,7:21 a.m.,10:36 a.m.
24,6:55 p.m.,8:53 p.m.
25,12:11 p.m.,3:16 p.m.
26,6:56 a.m.,7:51 a.m.
27,7:30 a.m.,9:31 a.m.
28,5:08 p.m.,7:55 p.m.
29,8:23 p.m.,9:53 p.m.
30,11:01 a.m.,3:04 p.m.
31,10:54 a.m.,12:50 p.m.
32,11:55 p.m.,5:50 a.m.
33,9:00 p.m.,12:15 a.m.
34,8:25 p.m.,11:50 p.m.
35,7:22 a.m.,10:04 a.m.
36,8:51 a.m.,11:44 a.m.
37,1:30 p.m.,3:50 p.m.
38,8:39 p.m.,9:20 p.m.
39,2:44 p.m.,3:43 p.m.
40,3:27 p.m.,5:43 p.m.
41,7:22 a.m.,11:06 a.m.
42,12:10 p.m.,1:43 p.m.
43,1:19 p.m.,3:13 p.m.
44,8:56 a.m.,10:16 a.m.
45,3:36 p.m.,6:43 p.m.
46,11:40 a.m.,4:56 p.m.
47,4:12 p.m.,6:15 p.m.
48,7:31 a.m.,3:14 p.m.
49,6:10 a.m.,6:19 a.m.
50,7:39 a.m.,11:12 a.m.
51,7:16 a.m.,9:32 a.m.
52,7:14 p.m.,10:29 p.m.
53,6:54 a.m.,9:28 a.m.
54,8:29 a.m.,11:58 a.m.
55,8:42 a.m.,9:43 a.m.
56,7:58 p.m.,10:30 p.m.
57,3:27 p.m.,5:17 p.m.
58,11:32 a.m.,3:31 p.m.
59,11:40 a.m.,4:56 p.m.
60,10:33 a.m.,11:21 a.m.
61,11:25 p.m.,6:55 a.m.
62,5:56 a.m.,7:17 a.m.
63,12:41 a.m.,5:26 a.m.
64,4:00 p.m.,6:28 p.m.
65,7:29 a.m.,9:14 a.m.
66,10:19 a.m.,1:19 p.m.
67,10:10 a.m.,1:27 p.m.
68,8:12 a.m.,9:56 a.m.
69,7:25 a.m.,9:45 a.m.
70,4:29 p.m.,7:39 p.m.
71,10:55 a.m.,1:40 p.m.
72,2:48 p.m.,7:10 p.m.
73,8:00 a.m.,11:32 a.m.
74,2:55 p.m.,4:47 p.m.
75,12:12 p.m.,4:09 p.m.
76,11:56 a.m.,1:14 p.m.
77,6:08 a.m.,9:05 a.m.
78,11:30 a.m.,5:05 p.m.
79,6:02 a.m.,10:27 a.m.
80,8:40 a.m.,10:56 a.m.
81,10:18 a.m.,11:56 a.m.
82,2:04 p.m.,3:30 p.m.
83,7:49 a.m.,1:30 p.m.
84,12:35 p.m.,3:21 p.m.
85,12:13 p.m.,2:10 p.m.
86,2:26 p.m.,5:42 p.m.
87,3:11 a.m.,1:15 p.m.
88,5:22 p.m.,8:03 p.m.
89,8:25 p.m.,9:52 p.m.
90,11:05 a.m.,2:46 p.m.
91,1:32 p.m.,5:34 p.m.
92,3:36 p.m.,3:33 p.m.
93,7:21 a.m.,10:36 a.m.
94,6:30 p.m.,7:25 p.m.
95,6:55 p.m.,8:53 p.m.
96,12:11 p.m.,3:16 p.m.
97,7:15 p.m.,12:21 a.m.
98,2:10 p.m.,7:58 p.m.
99,9:14 a.m.,12:09 p.m.
100,6:56 a.m.,7:51 a.m.
101,7:30 a.m.,9:31 a.m.
102,5:08 p.m.,7:55 p.m.
103,7:39 a.m.,11:06 a.m.
104,4:28 p.m.,6:38 p.m.
105,4:15 p.m.,7:36 p.m.
106,8:23 p.m.,9:53 p.m.
107,10:20 a.m.,6:34 p.m.
108,7:05 a.m.,10:47 a.m.
109,11:01 a.m.,3:04 p.m.
110,1:31 p.m.,4:23 p.m.
111,12:41 p.m.,2:50 p.m.
112,1:48 p.m.,4:17 p.m.
113,11:55 p.m.,5:50 a.m.
114,4:25 p.m.,12:29 a.m.
115,9:00 p.m.,12:15 a.m.
116,8:25 p.m.,11:50 p.m.
117,7:22 a.m.,10:04 a.m.
118,8:51 a.m.,11:44 a.m.
119,8:26 a.m.,9:13 a.m.
120,1:30 p.m.,3:50 p.m.
121,3:01 p.m.,4:59 p.m.
122,7:27 a.m.,8:45 a.m.
123,11:08 p.m.,5:11 a.m.
124,5:30 p.m.,6:40 p.m.
125,1:32 p.m.,8:02 a.m.
126,11:15 a.m.,2:00 p.m.
127,8:39 p.m.,9:20 p.m.
128,2:55 p.m.,4:44 p.m.
129,2:48 p.m.,7:10 p.m.
130,9:16 a.m.,11:56 a.m.
131,2:44 p.m.,3:43 p.m.
132,3:27 p.m.,5:43 p.m.
133,7:22 a.m.,11:06 a.m.
134,12:10 p.m.,1:43 p.m.
135,8:04 a.m.,11:01 a.m.
136,8:52 a.m.,12:09 p.m.
137,1:19 p.m.,3:13 p.m.
138,8:56 a.m.,10:16 a.m.
139,3:36 p.m.,6:43 p.m.
140,8:04 a.m.,8:06 a.m.
141,4:12 p.m.,6:15 p.m.
142,11:52 a.m.,2:27 p.m.
143,3:31 p.m.,5:26 p.m.
144,11:55 a.m.,5:38 p.m.
145,10:54 a.m.,12:50 p.m.
146,6:57 a.m.,7:40 a.m.
147,3:58 p.m.,6:36 p.m.
148,6:10 a.m.,6:19 a.m.
149,7:39 a.m.,11:12 a.m.
150,7:31 a.m.,3:14 p.m.
151,7:16 a.m.,9:32 a.m.
152,7:14 p.m.,10:29 p.m.
153,6:54 a.m.,9:28 a.m.
154,8:29 a.m.,11:58 a.m.
155,8:42 a.m.,9:43 a.m.
156,7:58 p.m.,10:30 p.m.
157,12:11 p.m.,3:16 p.m.
158,3:27 p.m.,5:17 p.m.
159,11:32 a.m.,3:31 p.m.
160,10:33 a.m.,11:21 a.m.
161,11:25 p.m.,6:55 a.m.
162,5:56 a.m.,7:17 a.m.
163,12:41 a.m.,5:26 a.m.
164,4:00 p.m.,6:28 p.m.
165,7:29 a.m.,9:14 a.m.
166,10:19 a.m.,1:19 p.m.
167,10:10 a.m.,1:27 p.m.
168,8:12 a.m.,9:56 a.m.
169,7:25 a.m.,9:45 a.m.
170,4:29 p.m.,7:39 p.m.
171,10:55 a.m.,1:40 p.m.
172,2:48 p.m.,7:10 p.m.
173,8:00 a.m.,11:32 a.m.
174,2:55 p.m.,4:47 p.m.
175,12:12 p.m.,4:09 p.m.
176,11:56 a.m.,1:14 p.m.
177,6:08 a.m.,9:05 a.m.
178,11:30 a.m.,5:05 p.m.
179,6:02 a.m.,10:27 a.m.
180,8:40 a.m.,10:56 a.m.
181,10:18 a.m.,11:56 a.m.
182,2:04 p.m.,3:30 p.m.
183,7:49 a.m.,1:30 p.m.
184,12:35 p.m.,3:21 p.m.
185,12:13 p.m.,2:10 p.m.
186,2:26 p.m.,5:42 p.m.
187,3:11 a.m.,1:15 p.m.
188,5:22 p.m.,8:03 p.m.
189,8:25 p.m.,9:52 p.m.
190,11:05 a.m.,2:46 p.m.
191,1:32 p.m.,5:34 p.m.
192,3:36 p.m.,3:33 p.m.
193,7:21 a.m.,10:36 a.m.
194,6:30 p.m.,7:25 p.m.
195,6:55 p.m.,8:53 p.m.
196,7:15 p.m.,12:21 a.m.
197,2:10 p.m.,7:58 p.m.
198,9:14 a.m.,12:09 p.m.
199,6:56 a.m.,7:51 a.m.
200,7:30 a.m.,9:31 a.m.
201,5:08 p.m.,7:55 p.m.
202,4:28 p.m.,6:38 p.m.
203,4:15 p.m.,7:36 p.m.
204,8:23 p.m.,9:53 p.m.
205,10:20 a.m.,6:34 p.m.
206,7:05 a.m.,10:47 a.m.
207,11:01 a.m.,3:04 p.m.
208,1:31 p.m.,4:23 p.m.
209,12:41 p.m.,2:50 p.m.
210,1:48 p.m.,4:17 p.m.
211,11:55 p.m.,5:50 a.m.
212,4:25 p.m.,12:29 a.m.
213,9:00 p.m.,12:15 a.m.
214,8:25 p.m.,11:50 p.m.
215,7:22 a.m.,10:04 a.m.
216,8:51 a.m.,11:44 a.m.
217,8:26 a.m.,9:13 a.m.
218,1:30 p.m.,3:50 p.m.
219,3:01 p.m.,4:59 p.m.
220,7:27 a.m.,8:45 a.m.
221,11:08 p.m.,5:11 a.m.
222,5:30 p.m.,6:40 p.m.
223,1:32 p.m.,8:02 a.m.
224,11:15 a.m.,2:00 p.m.
225,8:39 p.m.,9:20 p.m.
226,2:55 p.m.,4:44 p.m.
227,2:48 p.m.,7:10 p.m.
228,9:16 a.m.,11:56 a.m.
229,2:44 p.m.,3:43 p.m.
230,3:27 p.m.,5:43 p.m.
231,7:22 a.m.,11:06 a.m.
232,12:10 p.m.,1:43 p.m.
233,8:04 a.m.,11:01 a.m.
234,8:52 a.m.,12:09 p.m.
235,1:19 p.m.,3:13 p.m.
236,8:56 a.m.,10:16 a.m.
237,3:36 p.m.,6:43 p.m.
238,8:04 a.m.,8:06 a.m.
239,11:40 a.m.,4:56 p.m.
240,4:12 p.m.,6:15 p.m.
241,11:52 a.m.,2:27 p.m.
242,7:39 a.m.,11:06 a.m.
243,3:31 p.m.,5:26 p.m.
244,11:55 a.m.,5:38 p.m.
245,10:54 a.m.,12:50 p.m.
246,6:57 a.m.,7:40 a.m.
247,3:58 p.m.,6:36 p.m.
248,6:10 a.m.,6:19 a.m.
249,7:39 a.m.,11:12 a.m.
250,7:31 a.m.,3:14 p.m.
251,7:16 a.m.,9:32 a.m.
252,6:54 a.m.,9:28 a.m.
253,8:29 a.m.,11:58 a.m.
254,8:42 a.m.,9:43 a.m.
255,7:58 p.m.,10:30 p.m.
256,6:30 p.m.,7:25 p.m.
257,3:27 p.m.,5:17 p.m.
258,11:32 a.m.,3:31 p.m.
259,11:40 a.m.,4:56 p.m.
260,10:33 a.m.,11:21 a.m.
261,11:25 p.m.,6:55 a.m.
262,5:56 a.m.,7:17 a.m.
263,12:41 p.m.,2:50 p.m.
264,4:00 p.m.,6:28 p.m.
265,10:19 a.m.,1:19 p.m.
266,7:25 a.m.,9:45 a.m.
267,8:12 a.m.,9:56 a.m.
268,4:29 p.m.,7:39 p.m.
269,2:48 p.m.,7:10 p.m.
270,12:12 p.m.,4:09 p.m.
271,6:08 a.m.,9:05 a.m.
272,11:30 a.m.,5:05 p.m.
273,6:02 a.m.,10:27 a.m.
274,8:40 a.m.,10:56 a.m.
275,10:55 a.m.,1:40 p.m.
276,10:18 a.m.,11:56 a.m.
277,8:04 a.m.,8:06 a.m.
278,2:04 p.m.,3:30 p.m.
279,12:41 a.m.,5:26 a.m.
280,10:10 a.m.,1:27 p.m.
281,12:13 p.m.,2:10 p.m.
282,3:11 a.m.,1:15 p.m.
283,7:39 a.m.,11:06 a.m.
284,11:52 a.m.,2:27 p.m.
285,11:05 a.m.,2:46 p.m.
286,7:21 a.m.,10:36 a.m.
287,8:00 a.m.,11:32 a.m.
288,6:55 p.m.,8:53 p.m.
289,12:11 p.m.,3:16 p.m.
290,7:15 p.m.,12:21 a.m.
291,2:10 p.m.,7:58 p.m.
292,9:14 a.m.,12:09 p.m.
293,6:56 a.m.,7:51 a.m.
294,7:30 a.m.,9:31 a.m.
295,4:28 p.m.,6:38 p.m.
296,4:15 p.m.,7:36 p.m.
297,8:23 p.m.,9:53 p.m.
298,10:20 a.m.,6:34 p.m.
299,7:05 a.m.,10:47 a.m.
300,11:01 a.m.,3:04 p.m.
301,1:31 p.m.,4:23 p.m.
302,11:55 p.m.,5:50 a.m.
303,4:25 p.m.,12:29 a.m.
304,9:00 p.m.,12:15 a.m.
305,8:25 p.m.,11:50 p.m.
306,7:22 a.m.,10:04 a.m.
307,8:51 a.m.,11:44 a.m.
308,2:26 p.m.,5:42 p.m.
309,8:26 a.m.,9:13 a.m.
310,1:30 p.m.,3:50 p.m.
311,3:01 p.m.,4:59 p.m.
312,7:27 a.m.,8:45 a.m.
313,1:32 p.m.,8:02 a.m.
314,11:15 a.m.,2:00 p.m.
315,8:39 p.m.,9:20 p.m.
316,2:55 p.m.,4:44 p.m.
317,2:48 p.m.,7:10 p.m.
318,2:44 p.m.,3:43 p.m.
319,3:27 p.m.,5:43 p.m.
320,7:22 a.m.,11:06 a.m.
321,2:55 p.m.,4:47 p.m.
322,12:10 p.m.,1:43 p.m.
323,8:04 a.m.,11:01 a.m.
324,8:52 a.m.,12:09 p.m.
325,1:19 p.m.,3:13 p.m.
326,7:49 a.m.,1:30 p.m.
327,8:56 a.m.,10:16 a.m.
328,3:36 p.m.,6:43 p.m.
329,4:12 p.m.,6:15 p.m.
330,3:31 p.m.,5:26 p.m.
331,11:55 a.m.,5:38 p.m.
332,10:54 a.m.,12:50 p.m.
333,6:57 a.m.,7:40 a.m.
334,3:58 p.m.,6:36 p.m.
335,6:10 a.m.,6:19 a.m.
336,7:39 a.m.,11:12 a.m.
337,7:31 a.m.,3:14 p.m.
338,7:16 a.m.,9:32 a.m.
339,7:14 p.m.,10:29 p.m.
340,6:54 a.m.,9:28 a.m.
341,8:29 a.m.,11:58 a.m.
342,8:42 a.m.,9:43 a.m.
343,7:58 p.m.,10:30 p.m.
344,3:27 p.m.,5:17 p.m.
345,11:32 a.m.,3:31 p.m.
346,11:40 a.m.,4:56 p.m.
347,10:33 a.m.,11:21 a.m.
348,11:25 p.m.,6:55 a.m.
349,5:56 a.m.,7:17 a.m.
350,12:41 a.m.,5:26 a.m.
351,4:00 p.m.,6:28 p.m.
352,7:29 a.m.,9:14 a.m.
353,10:19 a.m.,1:19 p.m.
354,10:10 a.m.,1:27 p.m.
355,8:12 a.m.,9:56 a.m.
356,7:25 a.m.,9:45 a.m.
357,4:29 p.m.,7:39 p.m.
358,10:55 a.m.,1:40 p.m.
359,2:48 p.m.,7:10 p.m.
360,8:00 a.m.,11:32 a.m.
361,2:55 p.m.,4:47 p.m.
362,12:12 p.m.,4:09 p.m.
363,11:56 a.m.,1:14 p.m.
364,6:08 a.m.,9:05 a.m.
365,11:30 a.m.,5:05 p.m.
366,6:02 a.m.,10:27 a.m.
367,8:40 a.m.,10:56 a.m.
368,10:18 a.m.,11:56 a.m.
369,2:04 p.m.,3:30 p.m.
370,7:49 a.m.,1:30 p.m.
371,12:35 p.m.,3:21 p.m.
372,12:13 p.m.,2:10 p.m.
373,2:26 p.m.,5:42 p.m.
374,3:11 a.m.,1:15 p.m.
375,5:22 p.m.,8:03 p.m.
376,8:25 p.m.,9:52 p.m.
377,11:05 a.m.,2:46 p.m.
378,1:32 p.m.,5:34 p.m.
379,3:36 p.m.,3:33 p.m.
380,7:21 a.m.,10:36 a.m.
381,6:30 p.m.,7:25 p.m.
382,6:55 p.m.,8:53 p.m.
383,12:11 p.m.,3:16 p.m.
384,7:15 p.m.,12:21 a.m.
385,2:10 p.m.,7:58 p.m.
386,9:14 a.m.,12:09 p.m.
387,6:56 a.m.,7:51 a.m.
388,7:30 a.m.,9:31 a.m.
389,5:08 p.m.,7:55 p.m.
390,7:39 a.m.,11:06 a.m.
391,4:28 p.m.,6:38 p.m.
392,4:15 p.m.,7:36 p.m.
393,8:23 p.m.,9:53 p.m.
394,10:20 a.m.,6:34 p.m.
395,7:05 a.m.,10:47 a.m.
396,11:01 a.m.,3:04 p.m.
397,1:31 p.m.,4:23 p.m.
398,12:41 p.m.,2:50 p.m.
399,1:48 p.m.,4:17 p.m.
400,11:55 p.m.,5:50 a.m.
401,4:25 p.m.,12:29 a.m.
402,9:00 p.m.,12:15 a.m.
403,8:25 p.m.,11:50 p.m.
404,7:22 a.m.,10:04 a.m.
405,8:51 a.m.,11:44 a.m.
406,8:26 a.m.,9:13 a.m.
407,1:30 p.m.,3:50 p.m.
408,3:01 p.m.,4:59 p.m.
409,7:27 a.m.,8:45 a.m.
410,11:08 p.m.,5:11 a.m.
411,5:30 p.m.,6:40 p.m.
412,1:32 p.m.,8:02 a.m.
413,11:15 a.m.,2:00 p.m.
414,8:39 p.m.,9:20 p.m.
415,2:55 p.m.,4:44 p.m.
416,2:48 p.m.,7:10 p.m.
417,9:16 a.m.,11:56 a.m.
418,2:44 p.m.,3:43 p.m.
419,3:27 p.m.,5:43 p.m.
420,7:22 a.m.,11:06 a.m.
421,12:10 p.m.,1:43 p.m.
422,8:04 a.m.,11:01 a.m.
423,8:52 a.m.,12:09 p.m.
424,1:19 p.m.,3:13 p.m.
425,8:56 a.m.,10:16 a.m.
426,3:36 p.m.,6:43 p.m.
427,8:04 a.m.,8:06 a.m.
428,4:12 p.m.,6:15 p.m.
429,11:52 a.m.,2:27 p.m.
430,3:31 p.m.,5:26 p.m.
431,11:55 a.m.,5:38 p.m.
432,10:54 a.m.,12:50 p.m.
433,6:57 a.m.,7:40 a.m.
434,3:58 p.m.,6:36 p.m.
435,6:10 a.m.,6:19 a.m.
436,7:39 a.m.,11:12 a.m.
437,7:31 a.m.,3:14 p.m.
438,7:16 a.m.,9:32 a.m.
439,7:14 p.m.,10:29 p.m.
440,6:54 a.m.,9:28 a.m.
441,8:29 a.m.,11:58 a.m.
442,8:42 a.m.,9:43 a.m.
443,7:58 p.m.,10:30 p.m.
444,12:11 p.m.,3:16 p.m.
445,3:27 p.m.,5:17 p.m.
446,11:32 a.m.,3:31 p.m.
447,10:33 a.m.,11:21 a.m.
448,11:25 p.m.,6:55 a.m.
449,5:56 a.m.,7:17 a.m.
450,12:41 a.m.,5:26 a.m.
451,4:00 p.m.,6:28 p.m.
452,7:29 a.m.,9:14 a.m.
453,10:19 a.m.,1:19 p.m.
454,10:10 a.m.,1:27 p.m.
455,8:12 a.m.,9:56 a.m.
456,7:25 a.m.,9:45 a.m.
457,4:29 p.m.,7:39 p.m.
458,10:55 a.m.,1:40 p.m.
459,2:48 p.m.,7:10 p.m.
460,8:00 a.m.,11:32 a.m.
461,2:55 p.m.,4:47 p.m.
462,12:12 p.m.,4:09 p.m.
463,11:56 a.m.,1:14 p.m.
464,6:08 a.m.,9:05 a.m.
465,11:30 a.m.,5:05 p.m.
466,6:02 a.m.,10:27 a.m.
467,8:40 a.m.,10:56 a.m.
468,10:18 a.m.,11:56 a.m.
469,2:04 p.m.,3:30 p.m.
470,7:49 a.m.,1:30 p.m.
471,12:35 p.m.,3:21 p.m.
472,12:13 p.m.,2:10 p.m.
473,2:26 p.m.,5:42 p.m.
474,3:11 a.m.,1:15 p.m.
475,5:22 p.m.,8:03 p.m.
476,8:25 p.m.,9:52 p.m.
477,11:05 a.m.,2:46 p.m.
478,1:32 p.m.,5:34 p.m.
479,3:36 p.m.,3:33 p.m.
480,7:21 a.m.,10:36 a.m.
481,6:30 p.m.,7:25 p.m.
482,6:55 p.m.,8:53 p.m.
483,7:15 p.m.,12:21 a.m.
484,2:10 p.m.,7:58 p.m.
485,9:14 a.m.,12:09 p.m.
486,6:56 a.m.,7:51 a.m.
487,7:30 a.m.,9:31 a.m.
488,5:08 p.m.,7:55 p.m.
489,4:28 p.m.,6:38 p.m.
490,4:15 p.m.,7:36 p.m.
491,8:23 p.m.,9:53 p.m.
492,10:20 a.m.,6:34 p.m.
493,7:05 a.m.,10:47 a.m.
494,11:01 a.m.,3:04 p.m.
495,1:31 p.m.,4:23 p.m.
496,12:41 p.m.,2:50 p.m.
497,1:48 p.m.,4:17 p.m.
498,11:55 p.m.,5:50 a.m.
499,4:25 p.m.,12:29 a.m.
500,9:00 p.m.,12:15 a.m.
501,8:25 p.m.,11:50 p.m.
502,7:22 a.m.,10:04 a.m.
503,8:51 a.m.,11:44 a.m.
504,8:26 a.m.,9:13 a.m.
505,1:30 p.m.,3:50 p.m.
506,3:01 p.m.,4:59 p.m.
507,7:27 a.m.,8:45 a.m.
508,11:08 p.m.,5:11 a.m.
509,5:30 p.m.,6:40 p.m.
510,1:32 p.m.,8:02 a.m.
511,11:15 a.m.,2:00 p.m.
512,8:39 p.m.,9:20 p.m.
513,2:55 p.m.,4:44 p.m.
514,2:48 p.m.,7:10 p.m.
515,9:16 a.m.,11:56 a.m.
516,2:44 p.m.,3:43 p.m.
517,3:27 p.m.,5:43 p.m.
518,7:22 a.m.,11:06 a.m.
519,12:10 p.m.,1:43 p.m.
520,8:04 a.m.,11:01 a.m.
521,8:52 a.m.,12:09 p.m.
522,1:19 p.m.,3:13 p.m.
523,8:56 a.m.,10:16 a.m.
524,3:36 p.m.,6:43 p.m.
525,8:04 a.m.,8:06 a.m.
526,11:40 a.m.,4:56 p.m.
527,4:12 p.m.,6:15 p.m.
528,11:52 a.m.,2:27 p.m.
529,7:39 a.m.,11:06 a.m.
530,3:31 p.m.,5:26 p.m.
531,11:55 a.m.,5:38 p.m.
532,10:54 a.m.,12:50 p.m.
533,6:57 a.m.,7:40 a.m.
534,3:58 p.m.,6:36 p.m.
535,6:10 a.m.,6:19 a.m.
536,7:39 a.m.,11:12 a.m.
537,7:31 a.m.,3:14 p.m.
538,7:16 a.m.,9:32 a.m.
539,7:14 p.m.,10:29 p.m.
540,6:54 a.m.,9:28 a.m.
541,8:29 a.m.,11:58 a.m.
542,8:42 a.m.,9:43 a.m.
543,7:58 p.m.,10:30 p.m.
544,12:13 p.m.,2:10 p.m.
545,6:30 p.m.,7:25 p.m.
546,3:27 p.m.,5:17 p.m.
547,11:32 a.m.,3:31 p.m.
548,11:25 p.m.,6:55 a.m.
549,5:56 a.m.,7:17 a.m.
550,12:41 a.m.,5:26 a.m.
551,4:00 p.m.,6:28 p.m.
552,7:29 a.m.,9:14 a.m.
553,10:19 a.m.,1:19 p.m.
554,7:25 a.m.,9:45 a.m.
555,8:12 a.m.,9:56 a.m.
556,4:29 p.m.,7:39 p.m.
557,10:10 a.m.,1:27 p.m.
558,2:48 p.m.,7:10 p.m.
559,5:22 p.m.,8:03 p.m.
560,12:12 p.m.,4:09 p.m.
561,11:56 a.m.,1:14 p.m.
562,6:08 a.m.,9:05 a.m.
563,11:30 a.m.,5:05 p.m.
564,6:02 a.m.,10:27 a.m.
565,8:40 a.m.,10:56 a.m.
566,8:04 a.m.,11:01 a.m.
567,10:18 a.m.,11:56 a.m.
568,8:04 a.m.,8:06 a.m.
569,2:04 p.m.,3:30 p.m.
570,6:57 a.m.,7:40 a.m.
571,12:41 p.m.,2:50 p.m.
572,12:35 p.m.,3:21 p.m.
573,3:11 a.m.,1:15 p.m.
574,8:25 p.m.,9:52 p.m.
575,11:52 a.m.,2:27 p.m.
576,11:05 a.m.,2:46 p.m.
577,1:32 p.m.,5:34 p.m.
578,3:36 p.m.,3:33 p.m.
579,7:21 a.m.,10:36 a.m.
580,8:00 a.m.,11:32 a.m.
581,6:55 p.m.,8:53 p.m.
582,12:11 p.m.,3:16 p.m.
583,7:15 p.m.,12:21 a.m.
584,2:10 p.m.,7:58 p.m.
585,9:14 a.m.,12:09 p.m.
586,6:56 a.m.,7:51 a.m.
587,7:30 a.m.,9:31 a.m.
588,5:08 p.m.,7:55 p.m.
589,7:39 a.m.,11:06 a.m.
590,4:28 p.m.,6:38 p.m.
591,4:15 p.m.,7:36 p.m.
592,8:23 p.m.,9:53 p.m.
593,10:20 a.m.,6:34 p.m.
594,7:05 a.m.,10:47 a.m.
595,11:01 a.m.,3:04 p.m.
596,1:31 p.m.,4:23 p.m.
597,1:48 p.m.,4:17 p.m.
598,11:55 p.m.,5:50 a.m.
599,4:25 p.m.,12:29 a.m.
600,9:00 p.m.,12:15 a.m.
601,8:25 p.m.,11:50 p.m.
602,2:55 p.m.,4:47 p.m.
603,7:22 a.m.,10:04 a.m.
604,8:51 a.m.,11:44 a.m.
605,2:26 p.m.,5:42 p.m.
606,8:26 a.m.,9:13 a.m.
607,3:01 p.m.,4:59 p.m.
608,11:08 p.m.,5:11 a.m.
609,5:30 p.m.,6:40 p.m.
610,11:15 a.m.,2:00 p.m.
611,8:39 p.m.,9:20 p.m.
612,2:55 p.m.,4:44 p.m.
613,2:48 p.m.,7:10 p.m.
614,2:44 p.m.,3:43 p.m.
615,3:27 p.m.,5:43 p.m.
616,7:22 a.m.,11:06 a.m.
617,12:10 p.m.,1:43 p.m.
618,1:19 p.m.,3:13 p.m.
619,7:49 a.m.,1:30 p.m.
620,8:56 a.m.,10:16 a.m.
621,3:36 p.m.,6:43 p.m.
622,4:12 p.m.,6:15 p.m.
623,7:31 a.m.,3:14 p.m.
624,3:31 p.m.,5:26 p.m.
625,11:55 a.m.,5:38 p.m.
626,10:54 a.m.,12:50 p.m.
627,3:58 p.m.,6:36 p.m.
628,6:10 a.m.,6:19 a.m.
629,7:39 a.m.,11:12 a.m.
630,7:16 a.m.,9:32 a.m.
631,7:14 p.m.,10:29 p.m.
632,6:54 a.m.,9:28 a.m.
633,8:29 a.m.,11:58 a.m.
634,8:42 a.m.,9:43 a.m.
635,7:58 p.m.,10:30 p.m.
636,12:11 p.m.,3:16 p.m.
637,3:27 p.m.,5:17 p.m.
638,11:32 a.m.,3:31 p.m.
639,10:33 a.m.,11:21 a.m.
640,11:25 p.m.,6:55 a.m.
641,5:56 a.m.,7:17 a.m.
642,12:41 a.m.,5:26 a.m.
643,4:00 p.m.,6:28 p.m.
644,7:29 a.m.,9:14 a.m.
645,10:19 a.m.,1:19 p.m.
646,10:10 a.m.,1:27 p.m.
647,8:12 a.m.,9:56 a.m.
648,7:25 a.m.,9:45 a.m.
649,4:29 p.m.,7:39 p.m.
650,10:55 a.m.,1:40 p.m.
651,2:48 p.m.,7:10 p.m.
652,8:00 a.m.,11:32 a.m.
653,2:55 p.m.,4:47 p.m.
654,12:12 p.m.,4:09 p.m.
655,11:56 a.m.,1:14 p.m.
656,6:08 a.m.,9:05 a.m.
657,11:30 a.m.,5:05 p.m.
658,6:02 a.m.,10:27 a.m.
659,8:40 a.m.,10:56 a.m.
660,10:18 a.m.,11:56 a.m.
661,2:04 p.m.,3:30 p.m.
662,7:49 a.m.,1:30 p.m.
663,12:35 p.m.,3:21 p.m.
664,12:13 p.m.,2:10 p.m.
665,2:26 p.m.,5:42 p.m.
666,3:11 a.m.,1:15 p.m.
667,5:22 p.m.,8:03 p.m.
668,8:25 p.m.,9:52 p.m.
669,11:05 a.m.,2:46 p.m.
670,1:32 p.m.,5:34 p.m.
671,3:36 p.m.,3:33 p.m.
672,7:21 a.m.,10:36 a.m.
673,6:30 p.m.,7:25 p.m.
674,6:55 p.m.,8:53 p.m.
675,7:15 p.m.,12:21 a.m.
676,2:10 p.m.,7:58 p.m.
677,9:14 a.m.,12:09 p.m.
678,6:56 a.m.,7:51 a.m.
679,7:30 a.m.,9:31 a.m.
680,5:08 p.m.,7:55 p.m.
681,4:28 p.m.,6:38 p.m.
682,4:15 p.m.,7:36 p.m.
683,8:23 p.m.,9:53 p.m.
684,10:20 a.m.,6:34 p.m.
685,7:05 a.m.,10:47 a.m.
686,11:01 a.m.,3:04 p.m.
687,1:31 p.m.,4:23 p.m.
688,12:41 p.m.,2:50 p.m.
689,1:48 p.m.,4:17 p.m.
690,11:55 p.m.,5:50 a.m.
691,4:25 p.m.,12:29 a.m.
692,9:00 p.m.,12:15 a.m.
693,8:25 p.m.,11:50 p.m.
694,7:22 a.m.,10:04 a.m.
695,8:51 a.m.,11:44 a.m.
696,8:26 a.m.,9:13 a.m.
697,1:30 p.m.,3:50 p.m.
698,3:01 p.m.,4:59 p.m.
699,7:27 a.m.,8:45 a.m.
700,11:08 p.m.,5:11 a.m.
701,5:30 p.m.,6:40 p.m.
702,1:32 p.m.,8:02 a.m.
703,11:15 a.m.,2:00 p.m.
704,8:39 p.m.,9:20 p.m.
705,2:55 p.m.,4:44 p.m.
706,2:48 p.m.,7:10 p.m.
707,9:16 a.m.,11:56 a.m.
708,2:44 p.m.,3:43 p.m.
709,3:27 p.m.,5:43 p.m.
710,7:22 a.m.,11:06 a.m.
711,12:10 p.m.,1:43 p.m.
712,8:04 a.m.,11:01 a.m.
713,8:52 a.m.,12:09 p.m.
714,1:19 p.m.,3:13 p.m.
715,8:56 a.m.,10:16 a.m.
716,3:36 p.m.,6:43 p.m.
717,8:04 a.m.,8:06 a.m.
718,11:40 a.m.,4:56 p.m.
719,4:12 p.m.,6:15 p.m.
720,11:52 a.m.,2:27 p.m.
721,7:39 a.m.,11:06 a.m.
722,3:31 p.m.,5:26 p.m.
723,11:55 a.m.,5:38 p.m.
724,10:54 a.m.,12:50 p.m.
725,6:57 a.m.,7:40 a.m.
726,3:58 p.m.,6:36 p.m.
727,6:10 a.m.,6:19 a.m.
728,7:39 a.m.,11:12 a.m.
729,7:31 a.m.,3:14 p.m.
730,7:16 a.m.,9:32 a.m.
731,7:58 p.m.,10:30 p.m.
732,7:14 p.m.,10:29 p.m.
733,8:29 a.m.,11:58 a.m.
734,8:42 a.m.,9:43 a.m.
735,6:30 p.m.,7:25 p.m.
736,11:40 a.m.,4:56 p.m.
737,10:33 a.m.,11:21 a.m.
738,11:25 p.m.,6:55 a.m.
739,5:56 a.m.,7:17 a.m.
740,12:41 a.m.,5:26 a.m.
741,12:41 p.m.,2:50 p.m.
742,7:25 a.m.,9:45 a.m.
743,4:29 p.m.,7:39 p.m.
744,10:10 a.m.,1:27 p.m.
745,12:12 p.m.,4:09 p.m.
746,11:56 a.m.,1:14 p.m.
747,6:08 a.m.,9:05 a.m.
748,8:04 a.m.,11:01 a.m.
749,10:18 a.m.,11:56 a.m.
750,8:04 a.m.,8:06 a.m.
751,2:04 p.m.,3:30 p.m.
752,12:35 p.m.,3:21 p.m.
753,12:13 p.m.,2:10 p.m.
754,2:26 p.m.,5:42 p.m.
755,11:52 a.m.,2:27 p.m.
756,11:05 a.m.,2:46 p.m.
757,1:32 p.m.,5:34 p.m.
758,3:36 p.m.,3:33 p.m.
759,7:21 a.m.,10:36 a.m.
760,6:55 p.m.,8:53 p.m.
761,12:11 p.m.,3:16 p.m.
762,9:14 a.m.,12:09 p.m.
763,6:56 a.m.,7:51 a.m.
764,7:30 a.m.,9:31 a.m.
765,5:08 p.m.,7:55 p.m.
766,7:39 a.m.,11:06 a.m.
767,4:15 p.m.,7:36 p.m.
768,8:23 p.m.,9:53 p.m.
769,10:55 a.m.,1:40 p.m.
770,1:31 p.m.,4:23 p.m.
771,1:48 p.m.,4:17 p.m.
772,11:55 p.m.,5:50 a.m.
773,9:00 p.m.,12:15 a.m.
774,8:25 p.m.,11:50 p.m.
775,7:22 a.m.,10:04 a.m.
776,8:51 a.m.,11:44 a.m.
777,8:26 a.m.,9:13 a.m.
778,1:30 p.m.,3:50 p.m.
779,11:08 p.m.,5:11 a.m.
780,5:30 p.m.,6:40 p.m.
781,8:00 a.m.,11:32 a.m.
782,2:44 p.m.,3:43 p.m.
783,7:22 a.m.,11:06 a.m.
784,4:25 p.m.,12:29 a.m.
785,7:27 a.m.,8:45 a.m.
786,12:10 p.m.,1:43 p.m.
787,1:19 p.m.,3:13 p.m.
788,7:31 a.m.,3:14 p.m.
789,10:54 a.m.,12:50 p.m.
790,6:57 a.m.,7:40 a.m.
791,6:10 a.m.,6:19 a.m.
792,7:39 a.m.,11:12 a.m.
793,11:05 a.m.,2:46 p.m.
794,7:22 a.m.,10:04 a.m.
795,4:29 p.m.,7:39 p.m.
796,6:08 a.m.,9:05 a.m.
797,7:39 a.m.,11:06 a.m.
798,12:35 p.m.,3:21 p.m.
799,2:04 p.m.,3:30 p.m.
800,8:25 p.m.,11:50 p.m.
801,12:12 p.m.,4:09 p.m.
802,11:01 a.m.,3:04 p.m.
803,4:29 p.m.,7:39 p.m.
804,7:14 p.m.,10:29 p.m.
805,3:27 p.m.,5:43 p.m.
806,6:30 p.m.,7:25 p.m.
807,6:57 a.m.,7:40 a.m.
808,11:25 p.m.,6:55 a.m.
809,8:23 p.m.,9:53 p.m.
810,7:21 a.m.,10:36 a.m.
811,9:14 a.m.,12:09 p.m.
812,7:16 a.m.,9:32 a.m.
813,7:14 p.m.,10:29 p.m.
814,6:54 a.m.,9:28 a.m.
815,8:29 a.m.,11:58 a.m.
816,8:42 a.m.,9:43 a.m.
817,7:58 p.m.,10:30 p.m.
818,12:11 p.m.,3:16 p.m.
819,3:27 p.m.,5:17 p.m.
820,11:32 a.m.,3:31 p.m.
821,10:33 a.m.,11:21 a.m.
822,11:25 p.m.,6:55 a.m.
823,5:56 a.m.,7:17 a.m.
824,12:41 a.m.,5:26 a.m.
825,4:00 p.m.,6:28 p.m.
826,7:29 a.m.,9:14 a.m.
827,10:19 a.m.,1:19 p.m.
828,10:10 a.m.,1:27 p.m.
829,8:12 a.m.,9:56 a.m.
830,7:25 a.m.,9:45 a.m.
831,4:29 p.m.,7:39 p.m.
832,10:55 a.m.,1:40 p.m.
833,2:48 p.m.,7:10 p.m.
834,8:00 a.m.,11:32 a.m.
835,2:55 p.m.,4:47 p.m.
836,12:12 p.m.,4:09 p.m.
837,11:56 a.m.,1:14 p.m.
838,6:08 a.m.,9:05 a.m.
839,11:30 a.m.,5:05 p.m.
840,6:02 a.m.,10:27 a.m.
841,8:40 a.m.,10:56 a.m.
842,10:18 a.m.,11:56 a.m.
843,2:04 p.m.,3:30 p.m.
844,7:49 a.m.,1:30 p.m.
845,12:35 p.m.,3:21 p.m.
846,12:13 p.m.,2:10 p.m.
847,2:26 p.m.,5:42 p.m.
848,3:11 a.m.,1:15 p.m.
849,5:22 p.m.,8:03 p.m.
850,8:25 p.m.,9:52 p.m.
851,11:05 a.m.,2:46 p.m.
852,1:32 p.m.,5:34 p.m.
853,3:36 p.m.,3:33 p.m.
854,7:21 a.m.,10:36 a.m.
855,6:30 p.m.,7:25 p.m.
856,6:55 p.m.,8:53 p.m.
857,7:15 p.m.,12:21 a.m.
858,2:10 p.m.,7:58 p.m.
859,9:14 a.m.,12:09 p.m.
860,6:56 a.m.,7:51 a.m.
861,7:30 a.m.,9:31 a.m.
862,5:08 p.m.,7:55 p.m.
863,4:28 p.m.,6:38 p.m.
864,4:15 p.m.,7:36 p.m.
865,8:23 p.m.,9:53 p.m.
866,10:20 a.m.,6:34 p.m.
867,7:05 a.m.,10:47 a.m.
868,11:01 a.m.,3:04 p.m.
869,1:31 p.m.,4:23 p.m.
870,12:41 p.m.,2:50 p.m.
871,1:48 p.m.,4:17 p.m.
872,11:55 p.m.,5:50 a.m.
873,4:25 p.m.,12:29 a.m.
874,9:00 p.m.,12:15 a.m.
875,8:25 p.m.,11:50 p.m.
876,7:22 a.m.,10:04 a.m.
877,8:51 a.m.,11:44 a.m.
878,8:26 a.m.,9:13 a.m.
879,1:30 p.m.,3:50 p.m.
880,3:01 p.m.,4:59 p.m.
881,7:27 a.m.,8:45 a.m.
882,11:08 p.m.,5:11 a.m.
883,5:30 p.m.,6:40 p.m.
884,1:32 p.m.,8:02 a.m.
885,11:15 a.m.,2:00 p.m.
886,8:39 p.m.,9:20 p.m.
887,2:55 p.m.,4:44 p.m.
888,2:48 p.m.,7:10 p.m.
889,9:16 a.m.,11:56 a.m.
890,2:44 p.m.,3:43 p.m.
891,3:27 p.m.,5:43 p.m.
892,7:22 a.m.,11:06 a.m.
893,12:10 p.m.,1:43 p.m.
894,8:04 a.m.,11:01 a.m.
895,8:52 a.m.,12:09 p.m.
896,1:19 p.m.,3:13 p.m.
897,8:56 a.m.,10:16 a.m.
898,3:36 p.m.,6:43 p.m.
899,8:04 a.m.,8:06 a.m.
900,11:40 a.m.,4:56 p.m.
901,4:12 p.m.,6:15 p.m.
902,11:52 a.m.,2:27 p.m.
903,7:39 a.m.,11:06 a.m.
904,3:31 p.m.,5:26 p.m.
905,11:55 a.m.,5:38 p.m.
906,10:54 a.m.,12:50 p.m.
907,6:57 a.m.,7:40 a.m.
908,3:58 p.m.,6:36 p.m.
909,6:10 a.m.,6:19 a.m.
910,7:39 a.m.,11:12 a.m.
911,7:31 a.m.,3:14 p.m.
912,7:16 a.m.,9:32 a.m.
913,6:30 p.m.,7:25 p.m.
914,8:42 a.m.,9:43 a.m.
915,12:13 p.m.,2:10 p.m.
916,5:56 a.m.,7:17 a.m.
917,12:41 a.m.,5:26 a.m.
918,7:29 a.m.,9:14 a.m.
919,10:19 a.m.,1:19 p.m.
920,7:25 a.m.,9:45 a.m.
921,2:48 p.m.,7:10 p.m.
922,6:08 a.m.,9:05 a.m.
923,10:18 a.m.,11:56 a.m.
924,2:04 p.m.,3:30 p.m.
925,6:57 a.m.,7:40 a.m.
926,12:35 p.m.,3:21 p.m.
927,3:31 p.m.,5:26 p.m.
928,10:10 a.m.,1:27 p.m.
929,11:52 a.m.,2:27 p.m.
930,11:05 a.m.,2:46 p.m.
931,6:55 p.m.,8:53 p.m.
932,12:11 p.m.,3:16 p.m.
933,7:15 p.m.,12:21 a.m.
934,9:14 a.m.,12:09 p.m.
935,4:28 p.m.,6:38 p.m.
936,4:15 p.m.,7:36 p.m.
937,8:23 p.m.,9:53 p.m.
938,10:20 a.m.,6:34 p.m.
939,7:05 a.m.,10:47 a.m.
940,11:01 a.m.,3:04 p.m.
941,1:31 p.m.,4:23 p.m.
942,1:48 p.m.,4:17 p.m.
943,4:25 p.m.,12:29 a.m.
944,8:25 p.m.,11:50 p.m.
945,8:51 a.m.,11:44 a.m.
946,2:26 p.m.,5:42 p.m.
947,8:26 a.m.,9:13 a.m.
948,11:08 p.m.,5:11 a.m.
949,5:30 p.m.,6:40 p.m.
950,1:32 p.m.,8:02 a.m.
951,11:15 a.m.,2:00 p.m.
952,8:39 p.m.,9:20 p.m.
953,9:16 a.m.,11:56 a.m.
954,8:00 a.m.,11:32 a.m.
955,7:22 a.m.,11:06 a.m.
956,2:55 p.m.,4:47 p.m.
957,7:27 a.m.,8:45 a.m.
958,12:10 p.m.,1:43 p.m.
959,8:04 a.m.,11:01 a.m.
960,8:52 a.m.,12:09 p.m.
961,7:49 a.m.,1:30 p.m.
962,3:36 p.m.,6:43 p.m.
963,11:40 a.m.,4:56 p.m.
964,4:12 p.m.,6:15 p.m.
965,8:40 a.m.,10:56 a.m.
966,10:54 a.m.,12:50 p.m.
967,6:10 a.m.,6:19 a.m.
968,7:39 a.m.,11:12 a.m.
969,7:31 a.m.,3:14 p.m.
970,7:16 a.m.,9:32 a.m.
971,6:56 a.m.,7:51 a.m.
972,7:30 a.m.,9:31 a.m.
973,6:30 p.m.,7:25 p.m.
974,7:39 a.m.,11:06 a.m.
975,11:30 a.m.,5:05 p.m.
976,8:42 a.m.,9:43 a.m.
977,1:31 p.m.,4:23 p.m.
978,1:19 p.m.,3:13 p.m.
979,8:25 p.m.,11:50 p.m.
980,7:15 p.m.,12:21 a.m.
981,5:22 p.m.,8:03 p.m.
982,4:12 p.m.,6:15 p.m.
983,8:25 p.m.,9:52 p.m.
984,7:21 a.m.,10:36 a.m.
985,3:36 p.m.,3:33 p.m.
986,6:10 a.m.,6:19 a.m.
987,7:39 a.m.,11:12 a.m.
988,6:55 p.m.,8:53 p.m.
989,3:36 p.m.,6:43 p.m.
990,7:16 a.m.,9:32 a.m.
991,6:54 a.m.,9:28 a.m.
992,8:29 a.m.,11:58 a.m.
993,8:42 a.m.,9:43 a.m.
994,7:58 p.m.,10:30 p.m.
995,6:30 p.m.,7:25 p.m.
996,12:11 p.m.,3:16 p.m.
997,3:27 p.m.,5:17 p.m.
998,11:40 a.m.,4:56 p.m.
999,11:25 p.m.,6:55 a.m.
1000,5:56 a.m.,7:17 a.m.
1001,12:41 p.m.,2:50 p.m.
1002,4:00 p.m.,6:28 p.m.
1003,7:25 a.m.,9:45 a.m.
1004,8:12 a.m.,9:56 a.m.
1005,4:29 p.m.,7:39 p.m.
1006,2:48 p.m.,7:10 p.m.
1007,12:12 p.m.,4:09 p.m.
1008,6:08 a.m.,9:05 a.m.
1009,11:30 a.m.,5:05 p.m.
1010,6:02 a.m.,10:27 a.m.
1011,8:40 a.m.,10:56 a.m.
1012,10:55 a.m.,1:40 p.m.
1013,8:04 a.m.,11:01 a.m.
1014,10:18 a.m.,11:56 a.m.
1015,8:04 a.m.,8:06 a.m.
1016,2:04 p.m.,3:30 p.m.
1017,10:10 a.m.,1:27 p.m.
1018,12:13 p.m.,2:10 p.m.
1019,3:11 a.m.,1:15 p.m.
1020,7:39 a.m.,11:06 a.m.
1021,11:52 a.m.,2:27 p.m.
1022,11:05 a.m.,2:46 p.m.
1023,7:21 a.m.,10:36 a.m.
1024,8:00 a.m.,11:32 a.m.
1025,6:55 p.m.,8:53 p.m.
1026,7:15 p.m.,12:21 a.m.
1027,2:10 p.m.,7:58 p.m.
1028,9:14 a.m.,12:09 p.m.
1029,6:56 a.m.,7:51 a.m.
1030,7:30 a.m.,9:31 a.m.
1031,4:28 p.m.,6:38 p.m.
1032,8:23 p.m.,9:53 p.m.
1033,7:05 a.m.,10:47 a.m.
1034,11:01 a.m.,3:04 p.m.
1035,1:31 p.m.,4:23 p.m.
1036,11:55 p.m.,5:50 a.m.
1037,4:25 p.m.,12:29 a.m.
1038,9:00 p.m.,12:15 a.m.
1039,8:25 p.m.,11:50 p.m.
1040,7:22 a.m.,10:04 a.m.
1041,8:51 a.m.,11:44 a.m.
1042,2:26 p.m.,5:42 p.m.
1043,8:26 a.m.,9:13 a.m.
1044,1:30 p.m.,3:50 p.m.
1045,3:01 p.m.,4:59 p.m.
1046,7:27 a.m.,8:45 a.m.
1047,1:32 p.m.,8:02 a.m.
1048,11:15 a.m.,2:00 p.m.
1049,8:39 p.m.,9:20 p.m.
1050,2:55 p.m.,4:44 p.m.
1051,2:48 p.m.,7:10 p.m.
1052,2:44 p.m.,3:43 p.m.
1053,3:27 p.m.,5:43 p.m.
1054,7:22 a.m.,11:06 a.m.
1055,2:55 p.m.,4:47 p.m.
1056,12:10 p.m.,1:43 p.m.
1057,8:52 a.m.,12:09 p.m.
1058,1:19 p.m.,3:13 p.m.
1059,7:49 a.m.,1:30 p.m.
1060,8:56 a.m.,10:16 a.m.
1061,3:36 p.m.,6:43 p.m.
1062,4:12 p.m.,6:15 p.m.
1063,3:31 p.m.,5:26 p.m.
1064,11:55 a.m.,5:38 p.m.
1065,10:54 a.m.,12:50 p.m.
1066,7:31 a.m.,3:14 p.m.
1067,6:57 a.m.,7:40 a.m.
1068,3:58 p.m.,6:36 p.m.
1069,6:10 a.m.,6:19 a.m.
1070,7:39 a.m.,11:12 a.m.
1071,7:16 a.m.,9:32 a.m.
1072,7:14 p.m.,10:29 p.m.
1073,6:54 a.m.,9:28 a.m.
1074,8:29 a.m.,11:58 a.m.
1075,8:42 a.m.,9:43 a.m.
1076,7:58 p.m.,10:30 p.m.
1077,12:11 p.m.,3:16 p.m.
1078,3:27 p.m.,5:17 p.m.
1079,11:32 a.m.,3:31 p.m.
1080,10:33 a.m.,11:21 a.m.
1081,11:25 p.m.,6:55 a.m.
1082,5:56 a.m.,7:17 a.m.
1083,12:41 a.m.,5:26 a.m.
1084,4:00 p.m.,6:28 p.m.
1085,7:29 a.m.,9:14 a.m.
1086,10:19 a.m.,1:19 p.m.
1087,10:10 a.m.,1:27 p.m.
1088,8:12 a.m.,9:56 a.m.
1089,7:25 a.m.,9:45 a.m.
1090,4:29 p.m.,7:39 p.m.
1091,10:55 a.m.,1:40 p.m.
1092,2:48 p.m.,7:10 p.m.
1093,8:00 a.m.,11:32 a.m.
1094,2:55 p.m.,4:47 p.m.
1095,12:12 p.m.,4:09 p.m.
1096,11:56 a.m.,1:14 p.m.
1097,6:08 a.m.,9:05 a.m.
1098,11:30 a.m.,5:05 p.m.
1099,6:02 a.m.,10:27 a.m.
1100,8:40 a.m.,10:56 a.m.
1101,10:18 a.m.,11:56 a.m.
1102,2:04 p.m.,3:30 p.m.
1103,7:49 a.m.,1:30 p.m.
1104,12:35 p.m.,3:21 p.m.
1105,12:13 p.m.,2:10 p.m.
1106,2:26 p.m.,5:42 p.m.
1107,3:11 a.m.,1:15 p.m.
1108,5:22 p.m.,8:03 p.m.
1109,8:25 p.m.,9:52 p.m.
1110,11:05 a.m.,2:46 p.m.
1111,1:32 p.m.,5:34 p.m.
1112,3:36 p.m.,3:33 p.m.
1113,7:21 a.m.,10:36 a.m.
1114,6:30 p.m.,7:25 p.m.
1115,6:55 p.m.,8:53 p.m.
1116,7:15 p.m.,12:21 a.m.
1117,2:10 p.m.,7:58 p.m.
1118,9:14 a.m.,12:09 p.m.
1119,6:56 a.m.,7:51 a.m.
1120,7:30 a.m.,9:31 a.m.
1121,5:08 p.m.,7:55 p.m.
1122,4:28 p.m.,6:38 p.m.
1123,4:15 p.m.,7:36 p.m.
1124,8:23 p.m.,9:53 p.m.
1125,10:20 a.m.,6:34 p.m.
1126,7:05 a.m.,10:47 a.m.
1127,11:01 a.m.,3:04 p.m.
1128,1:31 p.m.,4:23 p.m.
1129,12:41 p.m.,2:50 p.m.
1130,1:48 p.m.,4:17 p.m.
1131,11:55 p.m.,5:50 a.m.
1132,4:25 p.m.,12:29 a.m.
1133,9:00 p.m.,12:15 a.m.
1134,8:25 p.m.,11:50 p.m.
1135,7:22 a.m.,10:04 a.m.
1136,8:51 a.m.,11:44 a.m.
1137,8:26 a.m.,9:13 a.m.
1138,1:30 p.m.,3:50 p.m.
1139,3:01 p.m.,4:59 p.m.
1140,7:27 a.m.,8:45 a.m.
1141,11:08 p.m.,5:11 a.m.
1142,5:30 p.m.,6:40 p.m.
1143,1:32 p.m.,8:02 a.m.
1144,11:15 a.m.,2:00 p.m.
1145,8:39 p.m.,9:20 p.m.
1146,2:55 p.m.,4:44 p.m.
1147,2:48 p.m.,7:10 p.m.
1148,9:16 a.m.,11:56 a.m.
1149,2:44 p.m.,3:43 p.m.
1150,3:27 p.m.,5:43 p.m.
1151,7:22 a.m.,11:06 a.m.
1152,12:10 p.m.,1:43 p.m.
1153,8:04 a.m.,11:01 a.m.
1154,8:52 a.m.,12:09 p.m.
1155,1:19 p.m.,3:13 p.m.
1156,8:56 a.m.,10:16 a.m.
1157,3:36 p.m.,6:43 p.m.
1158,8:04 a.m.,8:06 a.m.
1159,11:40 a.m.,4:56 p.m.
1160,4:12 p.m.,6:15 p.m.
1161,11:52 a.m.,2:27 p.m.
1162,7:39 a.m.,11:06 a.m.
1163,3:31 p.m.,5:26 p.m.
1164,11:55 a.m.,5:38 p.m.
1165,10:54 a.m.,12:50 p.m.
1166,6:57 a.m.,7:40 a.m.
1167,3:58 p.m.,6:36 p.m.
1168,6:10 a.m.,6:19 a.m.
1169,7:39 a.m.,11:12 a.m.
1170,7:31 a.m.,3:14 p.m.
1171,7:16 a.m.,9:32 a.m.
1172,6:54 a.m.,9:28 a.m.
1173,7:14 p.m.,10:29 p.m.
1174,8:42 a.m.,9:43 a.m.
1175,7:58 p.m.,10:30 p.m.
1176,5:56 a.m.,7:17 a.m.
1177,8:12 a.m.,9:56 a.m.
1178,7:25 a.m.,9:45 a.m.
1179,4:29 p.m.,7:39 p.m.
1180,5:22 p.m.,8:03 p.m.
1181,6:08 a.m.,9:05 a.m.
1182,11:30 a.m.,5:05 p.m.
1183,10:55 a.m.,1:40 p.m.
1184,10:18 a.m.,11:56 a.m.
1185,6:57 a.m.,7:40 a.m.
1186,12:41 p.m.,2:50 p.m.
1187,12:35 p.m.,3:21 p.m.
1188,3:11 a.m.,1:15 p.m.
1189,11:05 a.m.,2:46 p.m.
1190,1:32 p.m.,5:34 p.m.
1191,3:36 p.m.,3:33 p.m.
1192,6:55 p.m.,8:53 p.m.
1193,7:15 p.m.,12:21 a.m.
1194,2:10 p.m.,7:58 p.m.
1195,9:14 a.m.,12:09 p.m.
1196,8:23 p.m.,9:53 p.m.
1197,10:20 a.m.,6:34 p.m.
1198,11:01 a.m.,3:04 p.m.
1199,1:31 p.m.,4:23 p.m.
1200,11:55 p.m.,5:50 a.m.
1201,2:26 p.m.,5:42 p.m.
1202,8:26 a.m.,9:13 a.m.
1203,3:01 p.m.,4:59 p.m.
1204,7:27 a.m.,8:45 a.m.
1205,11:08 p.m.,5:11 a.m.
1206,5:30 p.m.,6:40 p.m.
1207,11:15 a.m.,2:00 p.m.
1208,2:55 p.m.,4:44 p.m.
1209,9:16 a.m.,11:56 a.m.
1210,2:44 p.m.,3:43 p.m.
1211,7:22 a.m.,11:06 a.m.
1212,4:25 p.m.,12:29 a.m.
1213,12:10 p.m.,1:43 p.m.
1214,8:04 a.m.,11:01 a.m.
1215,8:52 a.m.,12:09 p.m.
1216,1:19 p.m.,3:13 p.m.
1217,7:49 a.m.,1:30 p.m.
1218,3:36 p.m.,6:43 p.m.
1219,6:30 p.m.,7:25 p.m.
1220,11:40 a.m.,4:56 p.m.
1221,4:12 p.m.,6:15 p.m.
1222,6:10 a.m.,6:19 a.m.
1223,7:39 a.m.,11:12 a.m.
1224,7:16 a.m.,9:32 a.m.
1225,7:14 p.m.,10:29 p.m.
1226,6:54 a.m.,9:28 a.m.
1227,8:29 a.m.,11:58 a.m.
1228,8:42 a.m.,9:43 a.m.
1229,7:58 p.m.,10:30 p.m.
1230,3:27 p.m.,5:17 p.m.
1231,11:32 a.m.,3:31 p.m.
1232,11:40 a.m.,4:56 p.m.
1233,10:33 a.m.,11:21 a.m.
1234,11:25 p.m.,6:55 a.m.
1235,5:56 a.m.,7:17 a.m.
1236,12:41 a.m.,5:26 a.m.
1237,4:00 p.m.,6:28 p.m.
1238,7:29 a.m.,9:14 a.m.
1239,10:19 a.m.,1:19 p.m.
1240,10:10 a.m.,1:27 p.m.
1241,8:12 a.m.,9:56 a.m.
1242,7:25 a.m.,9:45 a.m.
1243,4:29 p.m.,7:39 p.m.
1244,10:55 a.m.,1:40 p.m.
1245,2:48 p.m.,7:10 p.m.
1246,8:00 a.m.,11:32 a.m.
1247,2:55 p.m.,4:47 p.m.
1248,12:12 p.m.,4:09 p.m.
1249,11:56 a.m.,1:14 p.m.
1250,6:08 a.m.,9:05 a.m.
1251,11:30 a.m.,5:05 p.m.
1252,6:02 a.m.,10:27 a.m.
1253,8:40 a.m.,10:56 a.m.
1254,10:18 a.m.,11:56 a.m.
1255,2:04 p.m.,3:30 p.m.
1256,7:49 a.m.,1:30 p.m.
1257,12:35 p.m.,3:21 p.m.
1258,12:13 p.m.,2:10 p.m.
1259,2:26 p.m.,5:42 p.m.
1260,3:11 a.m.,1:15 p.m.
1261,5:22 p.m.,8:03 p.m.
1262,8:25 p.m.,9:52 p.m.
1263,11:05 a.m.,2:46 p.m.
1264,1:32 p.m.,5:34 p.m.
1265,3:36 p.m.,3:33 p.m.
1266,7:21 a.m.,10:36 a.m.
1267,6:30 p.m.,7:25 p.m.
1268,6:55 p.m.,8:53 p.m.
1269,12:11 p.m.,3:16 p.m.
1270,7:15 p.m.,12:21 a.m.
1271,2:10 p.m.,7:58 p.m.
1272,9:14 a.m.,12:09 p.m.
1273,6:56 a.m.,7:51 a.m.
1274,7:30 a.m.,9:31 a.m.
1275,5:08 p.m.,7:55 p.m.
1276,7:39 a.m.,11:06 a.m.
1277,4:28 p.m.,6:38 p.m.
1278,4:15 p.m.,7:36 p.m.
1279,8:23 p.m.,9:53 p.m.
1280,10:20 a.m.,6:34 p.m.
1281,7:05 a.m.,10:47 a.m.
1282,11:01 a.m.,3:04 p.m.
1283,1:31 p.m.,4:23 p.m.
1284,12:41 p.m.,2:50 p.m.
1285,1:48 p.m.,4:17 p.m.
1286,11:55 p.m.,5:50 a.m.
1287,4:25 p.m.,12:29 a.m.
1288,9:00 p.m.,12:15 a.m.
1289,8:25 p.m.,11:50 p.m.
1290,7:22 a.m.,10:04 a.m.
1291,8:51 a.m.,11:44 a.m.
1292,8:26 a.m.,9:13 a.m.
1293,1:30 p.m.,3:50 p.m.
1294,3:01 p.m.,4:59 p.m.
1295,7:27 a.m.,8:45 a.m.
1296,11:08 p.m.,5:11 a.m.
1297,5:30 p.m.,6:40 p.m.
1298,1:32 p.m.,8:02 a.m.
1299,11:15 a.m.,2:00 p.m.
1300,8:39 p.m.,9:20 p.m.
1301,2:55 p.m.,4:44 p.m.
1302,2:48 p.m.,7:10 p.m.
1303,9:16 a.m.,11:56 a.m.
1304,2:44 p.m.,3:43 p.m.
1305,3:27 p.m.,5:43 p.m.
1306,7:22 a.m.,11:06 a.m.
1307,12:10 p.m.,1:43 p.m.
1308,8:04 a.m.,11:01 a.m.
1309,8:52 a.m.,12:09 p.m.
1310,1:19 p.m.,3:13 p.m.
1311,8:56 a.m.,10:16 a.m.
1312,3:36 p.m.,6:43 p.m.
1313,8:04 a.m.,8:06 a.m.
1314,4:12 p.m.,6:15 p.m.
1315,11:52 a.m.,2:27 p.m.
1316,3:31 p.m.,5:26 p.m.
1317,11:55 a.m.,5:38 p.m.
1318,10:54 a.m.,12:50 p.m.
1319,6:57 a.m.,7:40 a.m.
1320,3:58 p.m.,6:36 p.m.
1321,6:10 a.m.,6:19 a.m.
1322,7:39 a.m.,11:12 a.m.
1323,7:31 a.m.,3:14 p.m.
1324,7:16 a.m.,9:32 a.m.
1325,7:14 p.m.,10:29 p.m.
1326,6:54 a.m.,9:28 a.m.
1327,8:29 a.m.,11:58 a.m.
1328,8:42 a.m.,9:43 a.m.
1329,7:58 p.m.,10:30 p.m.
1330,12:11 p.m.,3:16 p.m.
1331,3:27 p.m.,5:17 p.m.
1332,11:32 a.m.,3:31 p.m.
1333,10:33 a.m.,11:21 a.m.
1334,11:25 p.m.,6:55 a.m.
1335,5:56 a.m.,7:17 a.m.
1336,12:41 a.m.,5:26 a.m.
1337,4:00 p.m.,6:28 p.m.
1338,7:29 a.m.,9:14 a.m.
1339,10:19 a.m.,1:19 p.m.
1340,10:10 a.m.,1:27 p.m.
1341,8:12 a.m.,9:56 a.m.
1342,7:25 a.m.,9:45 a.m.
1343,4:29 p.m.,7:39 p.m.
1344,10:55 a.m.,1:40 p.m.
1345,2:48 p.m.,7:10 p.m.
1346,8:00 a.m.,11:32 a.m.
1347,2:55 p.m.,4:47 p.m.
1348,12:12 p.m.,4:09 p.m.
1349,11:56 a.m.,1:14 p.m.
1350,6:08 a.m.,9:05 a.m.
1351,11:30 a.m.,5:05 p.m.
1352,6:02 a.m.,10:27 a.m.
1353,8:40 a.m.,10:56 a.m.
1354,10:18 a.m.,11:56 a.m.
1355,2:04 p.m.,3:30 p.m.
1356,7:49 a.m.,1:30 p.m.
1357,12:35 p.m.,3:21 p.m.
1358,12:13 p.m.,2:10 p.m.
1359,2:26 p.m.,5:42 p.m.
1360,3:11 a.m.,1:15 p.m.
1361,5:22 p.m.,8:03 p.m.
1362,8:25 p.m.,9:52 p.m.
1363,11:05 a.m.,2:46 p.m.
1364,1:32 p.m.,5:34 p.m.
1365,3:36 p.m.,3:33 p.m.
1366,7:21 a.m.,10:36 a.m.
1367,6:30 p.m.,7:25 p.m.
1368,6:55 p.m.,8:53 p.m.
1369,7:15 p.m.,12:21 a.m.
1370,2:10 p.m.,7:58 p.m.
1371,9:14 a.m.,12:09 p.m.
1372,6:56 a.m.,7:51 a.m.
1373,7:30 a.m.,9:31 a.m.
1374,5:08 p.m.,7:55 p.m.
1375,4:28 p.m.,6:38 p.m.
1376,4:15 p.m.,7:36 p.m.
1377,8:23 p.m.,9:53 p.m.
1378,10:20 a.m.,6:34 p.m.
1379,7:05 a.m.,10:47 a.m.
1380,11:01 a.m.,3:04 p.m.
1381,1:31 p.m.,4:23 p.m.
1382,12:41 p.m.,2:50 p.m.
1383,1:48 p.m.,4:17 p.m.
1384,11:55 p.m.,5:50 a.m.
1385,4:25 p.m.,12:29 a.m.
1386,9:00 p.m.,12:15 a.m.
1387,8:25 p.m.,11:50 p.m.
1388,7:22 a.m.,10:04 a.m.
1389,8:51 a.m.,11:44 a.m.
1390,1:30 p.m.,3:50 p.m.
1391,3:01 p.m.,4:59 p.m.
1392,7:27 a.m.,8:45 a.m.
1393,11:08 p.m.,5:11 a.m.
1394,5:30 p.m.,6:40 p.m.
1395,1:32 p.m.,8:02 a.m.
1396,11:15 a.m.,2:00 p.m.
1397,8:39 p.m.,9:20 p.m.
1398,2:55 p.m.,4:44 p.m.
1399,2:48 p.m.,7:10 p.m.
1400,9:16 a.m.,11:56 a.m.
1401,2:44 p.m.,3:43 p.m.
1402,3:27 p.m.,5:43 p.m.
1403,7:22 a.m.,11:06 a.m.
1404,12:10 p.m.,1:43 p.m.
1405,8:04 a.m.,11:01 a.m.
1406,8:52 a.m.,12:09 p.m.
1407,1:19 p.m.,3:13 p.m.
1408,8:56 a.m.,10:16 a.m.
1409,3:36 p.m.,6:43 p.m.
1410,8:04 a.m.,8:06 a.m.
1411,11:40 a.m.,4:56 p.m.
1412,4:12 p.m.,6:15 p.m.
1413,11:52 a.m.,2:27 p.m.
1414,7:39 a.m.,11:06 a.m.
1415,3:31 p.m.,5:26 p.m.
1416,11:55 a.m.,5:38 p.m.
1417,10:54 a.m.,12:50 p.m.
1418,6:57 a.m.,7:40 a.m.
1419,3:58 p.m.,6:36 p.m.
1420,6:10 a.m.,6:19 a.m.
1421,7:39 a.m.,11:12 a.m.
1422,7:31 a.m.,3:14 p.m.
1423,12:12 p.m.,4:09 p.m.
1424,8:26 a.m.,9:13 a.m.
1425,2:44 p.m.,3:43 p.m.
1426,1:31 p.m.,4:23 p.m.
1427,7:14 p.m.,10:29 p.m.
1428,7:29 a.m.,9:14 a.m.
1429,11:56 a.m.,1:14 p.m.
1430,6:02 a.m.,10:27 a.m.
1431,7:15 p.m.,12:21 a.m.
1432,12:41 a.m.,5:26 a.m.
1433,8:40 a.m.,10:56 a.m.
1434,11:32 a.m.,3:31 p.m.
1435,3:31 p.m.,5:26 p.m.
1436,2:48 p.m.,7:10 p.m.
1437,9:14 a.m.,12:09 p.m.
1438,10:20 a.m.,6:34 p.m.
1439,10:19 a.m.,1:19 p.m.
1440,3:01 p.m.,4:59 p.m.
1441,8:25 p.m.,9:52 p.m.
1442,5:30 p.m.,6:40 p.m.
1443,3:58 p.m.,6:36 p.m.
1444,5:22 p.m.,8:03 p.m.
1445,8:00 a.m.,11:32 a.m.
1446,6:56 a.m.,7:51 a.m.
1447,2:44 p.m.,3:43 p.m.
1448,10:19 a.m.,1:19 p.m.
1449,3:27 p.m.,5:43 p.m.
1450,4:28 p.m.,6:38 p.m.
1451,6:02 a.m.,10:27 a.m.
1452,4:15 p.m.,7:36 p.m.
1453,8:42 a.m.,9:43 a.m.
1454,1:19 p.m.,3:13 p.m.
1455,7:21 a.m.,10:36 a.m.
1456,1:31 p.m.,4:23 p.m.
1457,12:41 p.m.,2:50 p.m.
1458,12:41 a.m.,5:26 a.m.
1459,11:32 a.m.,3:31 p.m.
1460,4:25 p.m.,12:29 a.m.
1461,8:04 a.m.,8:06 a.m.
1462,9:00 p.m.,12:15 a.m.
1463,4:12 p.m.,6:15 p.m.
1464,8:51 a.m.,11:44 a.m.
1465,7:58 p.m.,10:30 p.m.
1466,8:26 a.m.,9:13 a.m.
1467,11:55 a.m.,5:38 p.m.
1468,2:55 p.m.,4:47 p.m.
1469,10:20 a.m.,6:34 p.m.
1470,3:01 p.m.,4:59 p.m.
1471,7:25 a.m.,9:45 a.m.
1472,11:05 a.m.,2:46 p.m.
1473,8:56 a.m.,10:16 a.m.
1474,8:39 p.m.,9:20 p.m.
1475,6:10 a.m.,6:19 a.m.
1476,7:39 a.m.,11:12 a.m.
1477,2:48 p.m.,7:10 p.m.
1478,10:10 a.m.,1:27 p.m.
1479,12:11 p.m.,3:16 p.m.
1480,7:15 p.m.,12:21 a.m.
1481,12:12 p.m.,4:09 p.m.
1482,8:29 a.m.,11:58 a.m.
1483,3:36 p.m.,6:43 p.m.
1484,8:51 a.m.,11:44 a.m.
1485,7:39 a.m.,11:12 a.m.
1486,2:26 p.m.,5:42 p.m.
1487,5:56 a.m.,7:17 a.m.
1488,7:16 a.m.,9:32 a.m.
1489,7:14 p.m.,10:29 p.m.
1490,6:54 a.m.,9:28 a.m.
1491,8:29 a.m.,11:58 a.m.
1492,8:42 a.m.,9:43 a.m.
1493,7:58 p.m.,10:30 p.m.
1494,3:27 p.m.,5:17 p.m.
1495,11:32 a.m.,3:31 p.m.
1496,11:40 a.m.,4:56 p.m.
1497,10:33 a.m.,11:21 a.m.
1498,11:25 p.m.,6:55 a.m.
1499,5:56 a.m.,7:17 a.m.
1500,12:41 a.m.,5:26 a.m.
1501,4:00 p.m.,6:28 p.m.
1502,7:29 a.m.,9:14 a.m.
1503,10:19 a.m.,1:19 p.m.
1504,10:10 a.m.,1:27 p.m.
1505,8:12 a.m.,9:56 a.m.
1506,7:25 a.m.,9:45 a.m.
1507,4:29 p.m.,7:39 p.m.
1508,10:55 a.m.,1:40 p.m.
1509,2:48 p.m.,7:10 p.m.
1510,8:00 a.m.,11:32 a.m.
1511,2:55 p.m.,4:47 p.m.
1512,12:12 p.m.,4:09 p.m.
1513,11:56 a.m.,1:14 p.m.
1514,6:08 a.m.,9:05 a.m.
1515,11:30 a.m.,5:05 p.m.
1516,6:02 a.m.,10:27 a.m.
1517,8:40 a.m.,10:56 a.m.
1518,10:18 a.m.,11:56 a.m.
1519,2:04 p.m.,3:30 p.m.
1520,7:49 a.m.,1:30 p.m.
1521,12:35 p.m.,3:21 p.m.
1522,12:13 p.m.,2:10 p.m.
1523,2:26 p.m.,5:42 p.m.
1524,3:11 a.m.,1:15 p.m.
1525,5:22 p.m.,8:03 p.m.
1526,8:25 p.m.,9:52 p.m.
1527,11:05 a.m.,2:46 p.m.
1528,1:32 p.m.,5:34 p.m.
1529,3:36 p.m.,3:33 p.m.
1530,7:21 a.m.,10:36 a.m.
1531,6:30 p.m.,7:25 p.m.
1532,6:55 p.m.,8:53 p.m.
1533,12:11 p.m.,3:16 p.m.
1534,7:15 p.m.,12:21 a.m.
1535,2:10 p.m.,7:58 p.m.
1536,9:14 a.m.,12:09 p.m.
1537,6:56 a.m.,7:51 a.m.
1538,7:30 a.m.,9:31 a.m.
1539,5:08 p.m.,7:55 p.m.
1540,7:39 a.m.,11:06 a.m.
1541,4:28 p.m.,6:38 p.m.
1542,4:15 p.m.,7:36 p.m.
1543,8:23 p.m.,9:53 p.m.
1544,10:20 a.m.,6:34 p.m.
1545,7:05 a.m.,10:47 a.m.
1546,11:01 a.m.,3:04 p.m.
1547,1:31 p.m.,4:23 p.m.
1548,12:41 p.m.,2:50 p.m.
1549,1:48 p.m.,4:17 p.m.
1550,11:55 p.m.,5:50 a.m.
1551,4:25 p.m.,12:29 a.m.
1552,9:00 p.m.,12:15 a.m.
1553,8:25 p.m.,11:50 p.m.
1554,7:22 a.m.,10:04 a.m.
1555,8:51 a.m.,11:44 a.m.
1556,8:26 a.m.,9:13 a.m.
1557,1:30 p.m.,3:50 p.m.
1558,3:01 p.m.,4:59 p.m.
1559,7:27 a.m.,8:45 a.m.
1560,11:08 p.m.,5:11 a.m.
1561,5:30 p.m.,6:40 p.m.
1562,1:32 p.m.,8:02 a.m.
1563,11:15 a.m.,2:00 p.m.
1564,8:39 p.m.,9:20 p.m.
1565,2:55 p.m.,4:44 p.m.
1566,2:48 p.m.,7:10 p.m.
1567,9:16 a.m.,11:56 a.m.
1568,2:44 p.m.,3:43 p.m.
1569,3:27 p.m.,5:43 p.m.
1570,7:22 a.m.,11:06 a.m.
1571,12:10 p.m.,1:43 p.m.
1572,8:04 a.m.,11:01 a.m.
1573,8:52 a.m.,12:09 p.m.
1574,1:19 p.m.,3:13 p.m.
1575,8:56 a.m.,10:16 a.m.
1576,3:36 p.m.,6:43 p.m.
1577,8:04 a.m.,8:06 a.m.
1578,4:12 p.m.,6:15 p.m.
1579,11:52 a.m.,2:27 p.m.
1580,3:31 p.m.,5:26 p.m.
1581,11:55 a.m.,5:38 p.m.
1582,10:54 a.m.,12:50 p.m.
1583,6:57 a.m.,7:40 a.m.
1584,3:58 p.m.,6:36 p.m.
1585,6:10 a.m.,6:19 a.m.
1586,7:39 a.m.,11:12 a.m.
1587,7:31 a.m.,3:14 p.m.
1588,7:58 p.m.,10:30 p.m.
1589,7:14 p.m.,10:29 p.m.
1590,8:42 a.m.,9:43 a.m.
1591,6:30 p.m.,7:25 p.m.
1592,3:27 p.m.,5:17 p.m.
1593,10:33 a.m.,11:21 a.m.
1594,11:25 p.m.,6:55 a.m.
1595,12:41 a.m.,5:26 a.m.
1596,4:00 p.m.,6:28 p.m.
1597,10:19 a.m.,1:19 p.m.
1598,7:25 a.m.,9:45 a.m.
1599,2:48 p.m.,7:10 p.m.
1600,11:56 a.m.,1:14 p.m.
1601,6:08 a.m.,9:05 a.m.
1602,11:30 a.m.,5:05 p.m.
1603,10:18 a.m.,11:56 a.m.
1604,8:04 a.m.,8:06 a.m.
1605,12:35 p.m.,3:21 p.m.
1606,10:10 a.m.,1:27 p.m.
1607,12:13 p.m.,2:10 p.m.
1608,3:11 a.m.,1:15 p.m.
1609,8:25 p.m.,9:52 p.m.
1610,11:52 a.m.,2:27 p.m.
1611,6:56 a.m.,7:51 a.m.
1612,7:30 a.m.,9:31 a.m.
1613,5:08 p.m.,7:55 p.m.
1614,7:39 a.m.,11:06 a.m.
1615,8:23 p.m.,9:53 p.m.
1616,7:05 a.m.,10:47 a.m.
1617,6:55 p.m.,8:53 p.m.
1618,4:25 p.m.,12:29 a.m.
1619,9:00 p.m.,12:15 a.m.
1620,8:25 p.m.,11:50 p.m.
1621,7:22 a.m.,10:04 a.m.
1622,8:51 a.m.,11:44 a.m.
1623,2:26 p.m.,5:42 p.m.
1624,1:30 p.m.,3:50 p.m.
1625,3:01 p.m.,4:59 p.m.
1626,11:08 p.m.,5:11 a.m.
1627,8:39 p.m.,9:20 p.m.
1628,3:27 p.m.,5:43 p.m.
1629,7:27 a.m.,8:45 a.m.
1630,12:10 p.m.,1:43 p.m.
1631,8:52 a.m.,12:09 p.m.
1632,7:39 a.m.,11:12 a.m.
1633,8:56 a.m.,10:16 a.m.
1634,11:40 a.m.,4:56 p.m.
1635,4:12 p.m.,6:15 p.m.
1636,3:31 p.m.,5:26 p.m.
1637,6:57 a.m.,7:40 a.m.
1638,7:16 a.m.,9:32 a.m.
1639,6:56 a.m.,7:51 a.m.
1640,7:30 a.m.,9:31 a.m.
1641,2:44 p.m.,3:43 p.m.
1642,7:22 a.m.,11:06 a.m.
1643,8:23 p.m.,9:53 p.m.
1644,4:15 p.m.,7:36 p.m.
1645,1:19 p.m.,3:13 p.m.
1646,6:55 p.m.,8:53 p.m.
1647,8:04 a.m.,8:06 a.m.
1648,1:31 p.m.,4:23 p.m.
1649,12:41 p.m.,2:50 p.m.
1650,4:12 p.m.,6:15 p.m.
1651,11:55 p.m.,5:50 a.m.
1652,11:40 a.m.,4:56 p.m.
1653,12:13 p.m.,2:10 p.m.
1654,7:58 p.m.,10:30 p.m.
1655,10:54 a.m.,12:50 p.m.
1656,11:08 p.m.,5:11 a.m.
1657,11:05 a.m.,2:46 p.m.
1658,1:32 p.m.,5:34 p.m.
1659,8:56 a.m.,10:16 a.m.
1660,3:36 p.m.,3:33 p.m.
1661,2:10 p.m.,7:58 p.m.
1662,7:16 a.m.,9:32 a.m.
1663,6:54 a.m.,9:28 a.m.
1664,7:14 p.m.,10:29 p.m.
1665,8:42 a.m.,9:43 a.m.
1666,7:58 p.m.,10:30 p.m.
1667,11:25 p.m.,6:55 a.m.
1668,4:00 p.m.,6:28 p.m.
1669,7:29 a.m.,9:14 a.m.
1670,7:25 a.m.,9:45 a.m.
1671,4:29 p.m.,7:39 p.m.
1672,10:10 a.m.,1:27 p.m.
1673,12:12 p.m.,4:09 p.m.
1674,11:56 a.m.,1:14 p.m.
1675,6:08 a.m.,9:05 a.m.
1676,11:30 a.m.,5:05 p.m.
1677,8:04 a.m.,11:01 a.m.
1678,10:18 a.m.,11:56 a.m.
1679,8:04 a.m.,8:06 a.m.
1680,2:04 p.m.,3:30 p.m.
1681,6:57 a.m.,7:40 a.m.
1682,12:41 p.m.,2:50 p.m.
1683,12:35 p.m.,3:21 p.m.
1684,2:26 p.m.,5:42 p.m.
1685,3:11 a.m.,1:15 p.m.
1686,5:22 p.m.,8:03 p.m.
1687,7:39 a.m.,11:06 a.m.
1688,8:25 p.m.,9:52 p.m.
1689,11:52 a.m.,2:27 p.m.
1690,11:05 a.m.,2:46 p.m.
1691,3:36 p.m.,3:33 p.m.
1692,7:21 a.m.,10:36 a.m.
1693,6:30 p.m.,7:25 p.m.
1694,6:55 p.m.,8:53 p.m.
1695,12:11 p.m.,3:16 p.m.
1696,7:15 p.m.,12:21 a.m.
1697,9:14 a.m.,12:09 p.m.
1698,6:56 a.m.,7:51 a.m.
1699,7:30 a.m.,9:31 a.m.
1700,5:08 p.m.,7:55 p.m.
1701,4:28 p.m.,6:38 p.m.
1702,8:23 p.m.,9:53 p.m.
1703,11:01 a.m.,3:04 p.m.
1704,1:31 p.m.,4:23 p.m.
1705,1:48 p.m.,4:17 p.m.
1706,4:25 p.m.,12:29 a.m.
1707,9:00 p.m.,12:15 a.m.
1708,8:25 p.m.,11:50 p.m.
1709,7:22 a.m.,10:04 a.m.
1710,8:51 a.m.,11:44 a.m.
1711,1:30 p.m.,3:50 p.m.
1712,11:08 p.m.,5:11 a.m.
1713,5:30 p.m.,6:40 p.m.
1714,8:39 p.m.,9:20 p.m.
1715,2:44 p.m.,3:43 p.m.
1716,3:27 p.m.,5:43 p.m.
1717,7:22 a.m.,11:06 a.m.
1718,12:10 p.m.,1:43 p.m.
1719,1:19 p.m.,3:13 p.m.
1720,3:36 p.m.,6:43 p.m.
1721,4:12 p.m.,6:15 p.m.
1722,7:31 a.m.,3:14 p.m.
1723,11:55 a.m.,5:38 p.m.
1724,10:54 a.m.,12:50 p.m.
1725,3:58 p.m.,6:36 p.m.
1726,6:10 a.m.,6:19 a.m.
1727,7:39 a.m.,11:12 a.m.
1728,8:29 a.m.,11:58 a.m.
1729,8:42 a.m.,9:43 a.m.
1730,3:27 p.m.,5:17 p.m.
1731,10:33 a.m.,11:21 a.m.
1732,4:00 p.m.,6:28 p.m.
1733,11:30 a.m.,5:05 p.m.
1734,12:35 p.m.,3:21 p.m.
1735,3:11 a.m.,1:15 p.m.
1736,7:49 a.m.,1:30 p.m.
1737,8:12 a.m.,9:56 a.m.
1738,1:32 p.m.,5:34 p.m.
1739,2:10 p.m.,7:58 p.m.
1740,4:28 p.m.,6:38 p.m.
1741,4:15 p.m.,7:36 p.m.
1742,7:05 a.m.,10:47 a.m.
1743,1:31 p.m.,4:23 p.m.
1744,1:48 p.m.,4:17 p.m.
1745,4:25 p.m.,12:29 a.m.
1746,8:26 a.m.,9:13 a.m.
1747,7:27 a.m.,8:45 a.m.
1748,11:08 p.m.,5:11 a.m.
1749,1:32 p.m.,8:02 a.m.
1750,11:15 a.m.,2:00 p.m.
1751,2:55 p.m.,4:44 p.m.
1752,2:48 p.m.,7:10 p.m.
1753,9:16 a.m.,11:56 a.m.
1754,2:55 p.m.,4:47 p.m.
1755,8:52 a.m.,12:09 p.m.
1756,11:55 a.m.,5:38 p.m.
1757,5:56 a.m.,7:17 a.m.
1758,2:26 p.m.,5:42 p.m.
1759,7:16 a.m.,9:32 a.m.
1760,7:14 p.m.,10:29 p.m.
1761,6:54 a.m.,9:28 a.m.
1762,8:29 a.m.,11:58 a.m.
1763,8:42 a.m.,9:43 a.m.
1764,7:58 p.m.,10:30 p.m.
1765,12:11 p.m.,3:16 p.m.
1766,3:27 p.m.,5:17 p.m.
1767,11:32 a.m.,3:31 p.m.
1768,10:33 a.m.,11:21 a.m.
1769,11:25 p.m.,6:55 a.m.
1770,5:56 a.m.,7:17 a.m.
1771,12:41 a.m.,5:26 a.m.
1772,4:00 p.m.,6:28 p.m.
1773,7:29 a.m.,9:14 a.m.
1774,10:19 a.m.,1:19 p.m.
1775,10:10 a.m.,1:27 p.m.
1776,8:12 a.m.,9:56 a.m.
1777,7:25 a.m.,9:45 a.m.
1778,4:29 p.m.,7:39 p.m.
1779,10:55 a.m.,1:40 p.m.
1780,2:48 p.m.,7:10 p.m.
1781,8:00 a.m.,11:32 a.m.
1782,2:55 p.m.,4:47 p.m.
1783,12:12 p.m.,4:09 p.m.
1784,11:56 a.m.,1:14 p.m.
1785,6:08 a.m.,9:05 a.m.
1786,11:30 a.m.,5:05 p.m.
1787,6:02 a.m.,10:27 a.m.
1788,8:40 a.m.,10:56 a.m.
1789,10:18 a.m.,11:56 a.m.
1790,2:04 p.m.,3:30 p.m.
1791,7:49 a.m.,1:30 p.m.
1792,12:35 p.m.,3:21 p.m.
1793,12:13 p.m.,2:10 p.m.
1794,2:26 p.m.,5:42 p.m.
1795,3:11 a.m.,1:15 p.m.
1796,5:22 p.m.,8:03 p.m.
1797,8:25 p.m.,9:52 p.m.
1798,11:05 a.m.,2:46 p.m.
1799,1:32 p.m.,5:34 p.m.
1800,3:36 p.m.,3:33 p.m.
1801,7:21 a.m.,10:36 a.m.
1802,6:30 p.m.,7:25 p.m.
1803,6:55 p.m.,8:53 p.m.
1804,7:15 p.m.,12:21 a.m.
1805,2:10 p.m.,7:58 p.m.
1806,9:14 a.m.,12:09 p.m.
1807,6:56 a.m.,7:51 a.m.
1808,7:30 a.m.,9:31 a.m.
1809,5:08 p.m.,7:55 p.m.
1810,4:28 p.m.,6:38 p.m.
1811,4:15 p.m.,7:36 p.m.
1812,8:23 p.m.,9:53 p.m.
1813,10:20 a.m.,6:34 p.m.
1814,7:05 a.m.,10:47 a.m.
1815,11:01 a.m.,3:04 p.m.
1816,1:31 p.m.,4:23 p.m.
1817,12:41 p.m.,2:50 p.m.
1818,1:48 p.m.,4:17 p.m.
1819,11:55 p.m.,5:50 a.m.
1820,4:25 p.m.,12:29 a.m.
1821,9:00 p.m.,12:15 a.m.
1822,8:25 p.m.,11:50 p.m.
1823,7:22 a.m.,10:04 a.m.
1824,8:51 a.m.,11:44 a.m.
1825,8:26 a.m.,9:13 a.m.
1826,1:30 p.m.,3:50 p.m.
1827,3:01 p.m.,4:59 p.m.
1828,7:27 a.m.,8:45 a.m.
1829,11:08 p.m.,5:11 a.m.
1830,5:30 p.m.,6:40 p.m.
1831,1:32 p.m.,8:02 a.m.
1832,11:15 a.m.,2:00 p.m.
1833,8:39 p.m.,9:20 p.m.
1834,2:55 p.m.,4:44 p.m.
1835,2:48 p.m.,7:10 p.m.
1836,9:16 a.m.,11:56 a.m.
1837,2:44 p.m.,3:43 p.m.
1838,3:27 p.m.,5:43 p.m.
1839,7:22 a.m.,11:06 a.m.
1840,12:10 p.m.,1:43 p.m.
1841,8:04 a.m.,11:01 a.m.
1842,8:52 a.m.,12:09 p.m.
1843,1:19 p.m.,3:13 p.m.
1844,8:56 a.m.,10:16 a.m.
1845,3:36 p.m.,6:43 p.m.
1846,8:04 a.m.,8:06 a.m.
1847,11:40 a.m.,4:56 p.m.
1848,4:12 p.m.,6:15 p.m.
1849,11:52 a.m.,2:27 p.m.
1850,7:39 a.m.,11:06 a.m.
1851,3:31 p.m.,5:26 p.m.
1852,11:55 a.m.,5:38 p.m.
1853,10:54 a.m.,12:50 p.m.
1854,6:57 a.m.,7:40 a.m.
1855,3:58 p.m.,6:36 p.m.
1856,6:10 a.m.,6:19 a.m.
1857,7:39 a.m.,11:12 a.m.
1858,7:31 a.m.,3:14 p.m.
1859,7:16 a.m.,9:32 a.m.
1860,7:14 p.m.,10:29 p.m.
1861,6:54 a.m.,9:28 a.m.
1862,8:29 a.m.,11:58 a.m.
1863,8:42 a.m.,9:43 a.m.
1864,7:58 p.m.,10:30 p.m.
1865,12:13 p.m.,2:10 p.m.
1866,6:30 p.m.,7:25 p.m.
1867,3:27 p.m.,5:17 p.m.
1868,11:32 a.m.,3:31 p.m.
1869,11:25 p.m.,6:55 a.m.
1870,5:56 a.m.,7:17 a.m.
1871,12:41 a.m.,5:26 a.m.
1872,4:00 p.m.,6:28 p.m.
1873,7:29 a.m.,9:14 a.m.
1874,10:19 a.m.,1:19 p.m.
1875,7:25 a.m.,9:45 a.m.
1876,8:12 a.m.,9:56 a.m.
1877,4:29 p.m.,7:39 p.m.
1878,10:10 a.m.,1:27 p.m.
1879,2:48 p.m.,7:10 p.m.
1880,5:22 p.m.,8:03 p.m.
1881,12:12 p.m.,4:09 p.m.
1882,11:56 a.m.,1:14 p.m.
1883,6:08 a.m.,9:05 a.m.
1884,11:30 a.m.,5:05 p.m.
1885,6:02 a.m.,10:27 a.m.
1886,8:40 a.m.,10:56 a.m.
1887,8:04 a.m.,11:01 a.m.
1888,10:18 a.m.,11:56 a.m.
1889,8:04 a.m.,8:06 a.m.
1890,2:04 p.m.,3:30 p.m.
1891,6:57 a.m.,7:40 a.m.
1892,12:41 p.m.,2:50 p.m.
1893,12:35 p.m.,3:21 p.m.
1894,3:11 a.m.,1:15 p.m.
1895,8:25 p.m.,9:52 p.m.
1896,11:52 a.m.,2:27 p.m.
1897,11:05 a.m.,2:46 p.m.
1898,1:32 p.m.,5:34 p.m.
1899,3:36 p.m.,3:33 p.m.
1900,7:21 a.m.,10:36 a.m.
1901,8:00 a.m.,11:32 a.m.
1902,6:55 p.m.,8:53 p.m.
1903,12:11 p.m.,3:16 p.m.
1904,7:15 p.m.,12:21 a.m.
1905,2:10 p.m.,7:58 p.m.
1906,9:14 a.m.,12:09 p.m.
1907,6:56 a.m.,7:51 a.m.
1908,7:30 a.m.,9:31 a.m.
1909,5:08 p.m.,7:55 p.m.
1910,7:39 a.m.,11:06 a.m.
1911,4:28 p.m.,6:38 p.m.
1912,4:15 p.m.,7:36 p.m.
1913,8:23 p.m.,9:53 p.m.
1914,10:20 a.m.,6:34 p.m.
1915,7:05 a.m.,10:47 a.m.
1916,11:01 a.m.,3:04 p.m.
1917,1:31 p.m.,4:23 p.m.
1918,1:48 p.m.,4:17 p.m.
1919,11:55 p.m.,5:50 a.m.
1920,4:25 p.m.,12:29 a.m.
1921,9:00 p.m.,12:15 a.m.
1922,8:25 p.m.,11:50 p.m.
1923,2:55 p.m.,4:47 p.m.
1924,7:22 a.m.,10:04 a.m.
1925,8:51 a.m.,11:44 a.m.
1926,2:26 p.m.,5:42 p.m.
1927,8:26 a.m.,9:13 a.m.
1928,3:01 p.m.,4:59 p.m.
1929,11:08 p.m.,5:11 a.m.
1930,5:30 p.m.,6:40 p.m.
1931,11:15 a.m.,2:00 p.m.
1932,8:39 p.m.,9:20 p.m.
1933,2:55 p.m.,4:44 p.m.
1934,2:48 p.m.,7:10 p.m.
1935,2:44 p.m.,3:43 p.m.
1936,3:27 p.m.,5:43 p.m.
1937,7:22 a.m.,11:06 a.m.
1938,12:10 p.m.,1:43 p.m.
1939,1:19 p.m.,3:13 p.m.
1940,7:49 a.m.,1:30 p.m.
1941,8:56 a.m.,10:16 a.m.
1942,3:36 p.m.,6:43 p.m.
1943,4:12 p.m.,6:15 p.m.
1944,7:31 a.m.,3:14 p.m.
1945,3:31 p.m.,5:26 p.m.
1946,11:55 a.m.,5:38 p.m.
1947,10:54 a.m.,12:50 p.m.
1948,3:58 p.m.,6:36 p.m.
1949,6:10 a.m.,6:19 a.m.
1950,7:39 a.m.,11:12 a.m.
1951,7:16 a.m.,9:32 a.m.
1952,7:14 p.m.,10:29 p.m.
1953,6:54 a.m.,9:28 a.m.
1954,8:29 a.m.,11:58 a.m.
1955,8:42 a.m.,9:43 a.m.
1956,7:58 p.m.,10:30 p.m.
1957,12:11 p.m.,3:16 p.m.
1958,3:27 p.m.,5:17 p.m.
1959,11:32 a.m.,3:31 p.m.
1960,10:33 a.m.,11:21 a.m.
1961,11:25 p.m.,6:55 a.m.
1962,5:56 a.m.,7:17 a.m.
1963,12:41 a.m.,5:26 a.m.
1964,4:00 p.m.,6:28 p.m.
1965,7:29 a.m.,9:14 a.m.
1966,10:19 a.m.,1:19 p.m.
1967,10:10 a.m.,1:27 p.m.
1968,8:12 a.m.,9:56 a.m.
1969,7:25 a.m.,9:45 a.m.
1970,4:29 p.m.,7:39 p.m.
1971,10:55 a.m.,1:40 p.m.
1972,2:48 p.m.,7:10 p.m.
1973,8:00 a.m.,11:32 a.m.
1974,2:55 p.m.,4:47 p.m.
1975,12:12 p.m.,4:09 p.m.
1976,11:56 a.m.,1:14 p.m.
1977,6:08 a.m.,9:05 a.m.
1978,11:30 a.m.,5:05 p.m.
1979,6:02 a.m.,10:27 a.m.
1980,8:40 a.m.,10:56 a.m.
1981,10:18 a.m.,11:56 a.m.
1982,2:04 p.m.,3:30 p.m.
1983,7:49 a.m.,1:30 p.m.
1984,12:35 p.m.,3:21 p.m.
1985,12:13 p.m.,2:10 p.m.
1986,2:26 p.m.,5:42 p.m.
1987,3:11 a.m.,1:15 p.m.
1988,5:22 p.m.,8:03 p.m.
1989,8:25 p.m.,9:52 p.m.
1990,11:05 a.m.,2:46 p.m.
1991,1:32 p.m.,5:34 p.m.
1992,3:36 p.m.,3:33 p.m.
1993,7:21 a.m.,10:36 a.m.
1994,6:30 p.m.,7:25 p.m.
1995,6:55 p.m.,8:53 p.m.
1996,7:15 p.m.,12:21 a.m.
1997,2:10 p.m.,7:58 p.m.
1998,9:14 a.m.,12:09 p.m.
1999,6:56 a.m.,7:51 a.m.
2000,7:30 a.m.,9:31 a.m.
2001,5:08 p.m.,7:55 p.m.
2002,4:28 p.m.,6:38 p.m.
2003,4:15 p.m.,7:36 p.m.
2004,8:23 p.m.,9:53 p.m.
2005,10:20 a.m.,6:34 p.m.
2006,7:05 a.m.,10:47 a.m.
2007,11:01 a.m.,3:04 p.m.
2008,1:31 p.m.,4:23 p.m.
2009,12:41 p.m.,2:50 p.m.
2010,1:48 p.m.,4:17 p.m.
2011,11:55 p.m.,5:50 a.m.
2012,4:25 p.m.,12:29 a.m.
2013,9:00 p.m.,12:15 a.m.
2014,8:25 p.m.,11:50 p.m.
2015,7:22 a.m.,10:04 a.m.
2016,8:51 a.m.,11:44 a.m.
2017,8:26 a.m.,9:13 a.m.
2018,1:30 p.m.,3:50 p.m.
2019,3:01 p.m.,4:59 p.m.
2020,7:27 a.m.,8:45 a.m.
2021,11:08 p.m.,5:11 a.m.
2022,5:30 p.m.,6:40 p.m.
2023,1:32 p.m.,8:02 a.m.
2024,11:15 a.m.,2:00 p.m.
2025,8:39 p.m.,9:20 p.m.
2026,2:55 p.m.,4:44 p.m.
2027,2:48 p.m.,7:10 p.m.
2028,9:16 a.m.,11:56 a.m.
2029,2:44 p.m.,3:43 p.m.
2030,3:27 p.m.,5:43 p.m.
2031,7:22 a.m.,11:06 a.m.
2032,12:10 p.m.,1:43 p.m.
2033,8:04 a.m.,11:01 a.m.
2034,8:52 a.m.,12:09 p.m.
2035,1:19 p.m.,3:13 p.m.
2036,8:56 a.m.,10:16 a.m.
2037,3:36 p.m.,6:43 p.m.
2038,8:04 a.m.,8:06 a.m.
2039,11:40 a.m.,4:56 p.m.
2040,4:12 p.m.,6:15 p.m.
2041,11:52 a.m.,2:27 p.m.
2042,7:39 a.m.,11:06 a.m.
2043,3:31 p.m.,5:26 p.m.
2044,11:55 a.m.,5:38 p.m.
2045,10:54 a.m.,12:50 p.m.
2046,6:57 a.m.,7:40 a.m.
2047,3:58 p.m.,6:36 p.m.
2048,6:10 a.m.,6:19 a.m.
2049,7:39 a.m.,11:12 a.m.
2050,7:31 a.m.,3:14 p.m.
2051,7:16 a.m.,9:32 a.m.
2052,7:14 p.m.,10:29 p.m.
2053,6:54 a.m.,9:28 a.m.
2054,8:29 a.m.,11:58 a.m.
2055,8:42 a.m.,9:43 a.m.
2056,7:58 p.m.,10:30 p.m.
2057,12:11 p.m.,3:16 p.m.
2058,3:27 p.m.,5:17 p.m.
2059,11:32 a.m.,3:31 p.m.
2060,10:33 a.m.,11:21 a.m.
2061,11:25 p.m.,6:55 a.m.
2062,5:56 a.m.,7:17 a.m.
2063,12:41 a.m.,5:26 a.m.
2064,4:00 p.m.,6:28 p.m.
2065,7:29 a.m.,9:14 a.m.
2066,10:19 a.m.,1:19 p.m.
2067,10:10 a.m.,1:27 p.m.
2068,8:12 a.m.,9:56 a.m.
2069,7:25 a.m.,9:45 a.m.
2070,4:29 p.m.,7:39 p.m.
2071,10:55 a.m.,1:40 p.m.
2072,2:48 p.m.,7:10 p.m.
2073,8:00 a.m.,11:32 a.m.
2074,2:55 p.m.,4:47 p.m.
2075,12:12 p.m.,4:09 p.m.
2076,11:56 a.m.,1:14 p.m.
2077,6:08 a.m.,9:05 a.m.
2078,11:30 a.m.,5:05 p.m.
2079,6:02 a.m.,10:27 a.m.
2080,8:40 a.m.,10:56 a.m.
2081,10:18 a.m.,11:56 a.m.
2082,2:04 p.m.,3:30 p.m.
2083,7:49 a.m.,1:30 p.m.
2084,12:35 p.m.,3:21 p.m.
2085,12:13 p.m.,2:10 p.m.
2086,2:26 p.m.,5:42 p.m.
2087,3:11 a.m.,1:15 p.m.
2088,5:22 p.m.,8:03 p.m.
2089,8:25 p.m.,9:52 p.m.
2090,11:05 a.m.,2:46 p.m.
2091,1:32 p.m.,5:34 p.m.
2092,3:36 p.m.,3:33 p.m.
2093,7:21 a.m.,10:36 a.m.
2094,6:30 p.m.,7:25 p.m.
2095,6:55 p.m.,8:53 p.m.
2096,7:15 p.m.,12:21 a.m.
2097,2:10 p.m.,7:58 p.m.
2098,9:14 a.m.,12:09 p.m.
2099,6:56 a.m.,7:51 a.m.
2100,7:30 a.m.,9:31 a.m.
2101,5:08 p.m.,7:55 p.m.
2102,4:28 p.m.,6:38 p.m.
2103,4:15 p.m.,7:36 p.m.
2104,8:23 p.m.,9:53 p.m.
2105,10:20 a.m.,6:34 p.m.
2106,7:05 a.m.,10:47 a.m.
2107,11:01 a.m.,3:04 p.m.
2108,1:31 p.m.,4:23 p.m.
2109,12:41 p.m.,2:50 p.m.
2110,1:48 p.m.,4:17 p.m.
2111,11:55 p.m.,5:50 a.m.
2112,4:25 p.m.,12:29 a.m.
2113,9:00 p.m.,12:15 a.m.
2114,8:25 p.m.,11:50 p.m.
2115,7:22 a.m.,10:04 a.m.
2116,8:51 a.m.,11:44 a.m.
2117,8:26 a.m.,9:13 a.m.
2118,1:30 p.m.,3:50 p.m.
2119,3:01 p.m.,4:59 p.m.
2120,7:27 a.m.,8:45 a.m.
2121,11:08 p.m.,5:11 a.m.
2122,5:30 p.m.,6:40 p.m.
2123,1:32 p.m.,8:02 a.m.
2124,11:15 a.m.,2:00 p.m.
2125,8:39 p.m.,9:20 p.m.
2126,2:55 p.m.,4:44 p.m.
2127,2:48 p.m.,7:10 p.m.
2128,9:16 a.m.,11:56 a.m.
2129,2:44 p.m.,3:43 p.m.
2130,3:27 p.m.,5:43 p.m.
2131,7:22 a.m.,11:06 a.m.
2132,12:10 p.m.,1:43 p.m.
2133,8:04 a.m.,11:01 a.m.
2134,8:52 a.m.,12:09 p.m.
2135,1:19 p.m.,3:13 p.m.
2136,8:56 a.m.,10:16 a.m.
2137,3:36 p.m.,6:43 p.m.
2138,8:04 a.m.,8:06 a.m.
2139,11:40 a.m.,4:56 p.m.
2140,4:12 p.m.,6:15 p.m.
2141,11:52 a.m.,2:27 p.m.
2142,7:39 a.m.,11:06 a.m.
2143,3:31 p.m.,5:26 p.m.
2144,11:55 a.m.,5:38 p.m.
2145,10:54 a.m.,12:50 p.m.
2146,6:57 a.m.,7:40 a.m.
2147,3:58 p.m.,6:36 p.m.
2148,6:10 a.m.,6:19 a.m.
2149,7:39 a.m.,11:12 a.m.
2150,7:31 a.m.,3:14 p.m.
2151,11:32 a.m.,3:31 p.m.
2152,11:56 a.m.,1:14 p.m.
2153,9:00 p.m.,12:15 a.m.
2154,4:15 p.m.,7:36 p.m.
2155,1:19 p.m.,3:13 p.m.
2156,7:16 a.m.,9:32 a.m.
2157,7:14 p.m.,10:29 p.m.
2158,6:54 a.m.,9:28 a.m.
2159,8:29 a.m.,11:58 a.m.
2160,8:42 a.m.,9:43 a.m.
2161,7:58 p.m.,10:30 p.m.
2162,12:11 p.m.,3:16 p.m.
2163,3:27 p.m.,5:17 p.m.
2164,11:32 a.m.,3:31 p.m.
2165,10:33 a.m.,11:21 a.m.
2166,11:25 p.m.,6:55 a.m.
2167,5:56 a.m.,7:17 a.m.
2168,12:41 a.m.,5:26 a.m.
2169,4:00 p.m.,6:28 p.m.
2170,7:29 a.m.,9:14 a.m.
2171,10:19 a.m.,1:19 p.m.
2172,10:10 a.m.,1:27 p.m.
2173,8:12 a.m.,9:56 a.m.
2174,7:25 a.m.,9:45 a.m.
2175,4:29 p.m.,7:39 p.m.
2176,10:55 a.m.,1:40 p.m.
2177,2:48 p.m.,7:10 p.m.
2178,8:00 a.m.,11:32 a.m.
2179,2:55 p.m.,4:47 p.m.
2180,12:12 p.m.,4:09 p.m.
2181,11:56 a.m.,1:14 p.m.
2182,6:08 a.m.,9:05 a.m.
2183,11:30 a.m.,5:05 p.m.
2184,6:02 a.m.,10:27 a.m.
2185,8:40 a.m.,10:56 a.m.
2186,10:18 a.m.,11:56 a.m.
2187,2:04 p.m.,3:30 p.m.
2188,7:49 a.m.,1:30 p.m.
2189,12:35 p.m.,3:21 p.m.
2190,12:13 p.m.,2:10 p.m.
2191,2:26 p.m.,5:42 p.m.
2192,3:11 a.m.,1:15 p.m.
2193,5:22 p.m.,8:03 p.m.
2194,8:25 p.m.,9:52 p.m.
2195,11:05 a.m.,2:46 p.m.
2196,1:32 p.m.,5:34 p.m.
2197,3:36 p.m.,3:33 p.m.
2198,7:21 a.m.,10:36 a.m.
2199,6:30 p.m.,7:25 p.m.
2200,6:55 p.m.,8:53 p.m.
2201,7:15 p.m.,12:21 a.m.
2202,2:10 p.m.,7:58 p.m.
2203,9:14 a.m.,12:09 p.m.
2204,6:56 a.m.,7:51 a.m.
2205,7:30 a.m.,9:31 a.m.
2206,5:08 p.m.,7:55 p.m.
2207,4:28 p.m.,6:38 p.m.
2208,4:15 p.m.,7:36 p.m.
2209,8:23 p.m.,9:53 p.m.
2210,10:20 a.m.,6:34 p.m.
2211,7:05 a.m.,10:47 a.m.
2212,11:01 a.m.,3:04 p.m.
2213,1:31 p.m.,4:23 p.m.
2214,12:41 p.m.,2:50 p.m.
2215,1:48 p.m.,4:17 p.m.
2216,11:55 p.m.,5:50 a.m.
2217,4:25 p.m.,12:29 a.m.
2218,9:00 p.m.,12:15 a.m.
2219,8:25 p.m.,11:50 p.m.
2220,7:22 a.m.,10:04 a.m.
2221,8:51 a.m.,11:44 a.m.
2222,8:26 a.m.,9:13 a.m.
2223,1:30 p.m.,3:50 p.m.
2224,3:01 p.m.,4:59 p.m.
2225,7:27 a.m.,8:45 a.m.
2226,11:08 p.m.,5:11 a.m.
2227,5:30 p.m.,6:40 p.m.
2228,1:32 p.m.,8:02 a.m.
2229,11:15 a.m.,2:00 p.m.
2230,8:39 p.m.,9:20 p.m.
2231,2:55 p.m.,4:44 p.m.
2232,2:48 p.m.,7:10 p.m.
2233,9:16 a.m.,11:56 a.m.
2234,2:44 p.m.,3:43 p.m.
2235,3:27 p.m.,5:43 p.m.
2236,7:22 a.m.,11:06 a.m.
2237,12:10 p.m.,1:43 p.m.
2238,8:04 a.m.,11:01 a.m.
2239,8:52 a.m.,12:09 p.m.
2240,1:19 p.m.,3:13 p.m.
2241,8:56 a.m.,10:16 a.m.
2242,3:36 p.m.,6:43 p.m.
2243,8:04 a.m.,8:06 a.m.
2244,11:40 a.m.,4:56 p.m.
2245,4:12 p.m.,6:15 p.m.
2246,11:52 a.m.,2:27 p.m.
2247,7:39 a.m.,11:06 a.m.
2248,3:31 p.m.,5:26 p.m.
2249,11:55 a.m.,5:38 p.m.
2250,10:54 a.m.,12:50 p.m.
2251,6:57 a.m.,7:40 a.m.
2252,3:58 p.m.,6:36 p.m.
2253,6:10 a.m.,6:19 a.m.
2254,7:39 a.m.,11:12 a.m.
2255,7:31 a.m.,3:14 p.m.
2256,7:16 a.m.,9:32 a.m.
2257,6:54 a.m.,9:28 a.m.
2258,7:14 p.m.,10:29 p.m.
2259,8:42 a.m.,9:43 a.m.
2260,7:58 p.m.,10:30 p.m.
2261,11:25 p.m.,6:55 a.m.
2262,4:00 p.m.,6:28 p.m.
2263,7:29 a.m.,9:14 a.m.
2264,7:25 a.m.,9:45 a.m.
2265,4:29 p.m.,7:39 p.m.
2266,10:10 a.m.,1:27 p.m.
2267,12:12 p.m.,4:09 p.m.
2268,11:56 a.m.,1:14 p.m.
2269,6:08 a.m.,9:05 a.m.
2270,11:30 a.m.,5:05 p.m.
2271,8:04 a.m.,11:01 a.m.
2272,10:18 a.m.,11:56 a.m.
2273,8:04 a.m.,8:06 a.m.
2274,2:04 p.m.,3:30 p.m.
2275,6:57 a.m.,7:40 a.m.
2276,12:41 p.m.,2:50 p.m.
2277,12:35 p.m.,3:21 p.m.
2278,2:26 p.m.,5:42 p.m.
2279,3:11 a.m.,1:15 p.m.
2280,5:22 p.m.,8:03 p.m.
2281,7:39 a.m.,11:06 a.m.
2282,8:25 p.m.,9:52 p.m.
2283,11:52 a.m.,2:27 p.m.
2284,11:05 a.m.,2:46 p.m.
2285,3:36 p.m.,3:33 p.m.
2286,7:21 a.m.,10:36 a.m.
2287,6:30 p.m.,7:25 p.m.
2288,6:55 p.m.,8:53 p.m.
2289,12:11 p.m.,3:16 p.m.
2290,7:15 p.m.,12:21 a.m.
2291,9:14 a.m.,12:09 p.m.
2292,6:56 a.m.,7:51 a.m.
2293,7:30 a.m.,9:31 a.m.
2294,5:08 p.m.,7:55 p.m.
2295,4:28 p.m.,6:38 p.m.
2296,8:23 p.m.,9:53 p.m.
2297,11:01 a.m.,3:04 p.m.
2298,1:31 p.m.,4:23 p.m.
2299,1:48 p.m.,4:17 p.m.
2300,4:25 p.m.,12:29 a.m.
2301,9:00 p.m.,12:15 a.m.
2302,8:25 p.m.,11:50 p.m.
2303,7:22 a.m.,10:04 a.m.
2304,8:51 a.m.,11:44 a.m.
2305,1:30 p.m.,3:50 p.m.
2306,11:08 p.m.,5:11 a.m.
2307,5:30 p.m.,6:40 p.m.
2308,8:39 p.m.,9:20 p.m.
2309,2:44 p.m.,3:43 p.m.
2310,3:27 p.m.,5:43 p.m.
2311,7:22 a.m.,11:06 a.m.
2312,12:10 p.m.,1:43 p.m.
2313,1:19 p.m.,3:13 p.m.
2314,3:36 p.m.,6:43 p.m.
2315,4:12 p.m.,6:15 p.m.
2316,7:31 a.m.,3:14 p.m.
2317,11:55 a.m.,5:38 p.m.
2318,10:54 a.m.,12:50 p.m.
2319,3:58 p.m.,6:36 p.m.
2320,6:10 a.m.,6:19 a.m.
2321,7:39 a.m.,11:12 a.m.
2322,7:16 a.m.,9:32 a.m.
2323,6:54 a.m.,9:28 a.m.
2324,8:29 a.m.,11:58 a.m.
2325,7:58 p.m.,10:30 p.m.
2326,6:30 p.m.,7:25 p.m.
2327,7:15 p.m.,12:21 a.m.
2328,3:27 p.m.,5:17 p.m.
2329,11:25 p.m.,6:55 a.m.
2330,4:00 p.m.,6:28 p.m.
2331,7:25 a.m.,9:45 a.m.
2332,4:29 p.m.,7:39 p.m.
2333,10:10 a.m.,1:27 p.m.
2334,12:12 p.m.,4:09 p.m.
2335,6:08 a.m.,9:05 a.m.
2336,11:30 a.m.,5:05 p.m.
2337,8:04 a.m.,11:01 a.m.
2338,10:18 a.m.,11:56 a.m.
2339,8:04 a.m.,8:06 a.m.
2340,2:04 p.m.,3:30 p.m.
2341,6:57 a.m.,7:40 a.m.
2342,12:41 p.m.,2:50 p.m.
2343,3:11 a.m.,1:15 p.m.
2344,7:39 a.m.,11:06 a.m.
2345,11:52 a.m.,2:27 p.m.
2346,11:05 a.m.,2:46 p.m.
2347,7:21 a.m.,10:36 a.m.
2348,6:55 p.m.,8:53 p.m.
2349,12:11 p.m.,3:16 p.m.
2350,9:14 a.m.,12:09 p.m.
2351,6:56 a.m.,7:51 a.m.
2352,7:30 a.m.,9:31 a.m.
2353,4:28 p.m.,6:38 p.m.
2354,8:23 p.m.,9:53 p.m.
2355,1:31 p.m.,4:23 p.m.
2356,11:55 p.m.,5:50 a.m.
2357,4:25 p.m.,12:29 a.m.
2358,9:00 p.m.,12:15 a.m.
2359,8:25 p.m.,11:50 p.m.
2360,7:22 a.m.,10:04 a.m.
2361,8:51 a.m.,11:44 a.m.
2362,2:26 p.m.,5:42 p.m.
2363,1:30 p.m.,3:50 p.m.
2364,2:44 p.m.,3:43 p.m.
2365,3:27 p.m.,5:43 p.m.
2366,7:22 a.m.,11:06 a.m.
2367,12:10 p.m.,1:43 p.m.
2368,1:19 p.m.,3:13 p.m.
2369,3:36 p.m.,6:43 p.m.
2370,4:12 p.m.,6:15 p.m.
2371,7:31 a.m.,3:14 p.m.
2372,11:55 a.m.,5:38 p.m.
2373,10:54 a.m.,12:50 p.m.
2374,3:58 p.m.,6:36 p.m.
2375,6:10 a.m.,6:19 a.m.
2376,7:39 a.m.,11:12 a.m.
