measure,timevalue,timetype,ethnicity,ethnicitytype,legislationtype,geography,geographytype,numberofstopandsearches,totalnumberofstopandsearchcarriedoutinthisyearinth,populationbyethnicity,rateper_one_zero_zero_zeropopulationbyethnicity,proportionoftotalstopandsearchesofthisethnicityint
Number of stops and searches carried out (excluding vehicle only searches),2017/18,Financial year,Mixed White And Black Caribbean,ONS 2001 16+1,All,Metropolitan Police,Police Force Area,"2,228","116,385","119,387",18.66,1.9
Number of stops and searches carried out (excluding vehicle only searches),2007/08,Financial year,White British,ONS 2001 16+1,All,All - excluding BTP,Police Force Area,"732,149","1,125,647","45,134,686",16.22,65.0
Number of stops and searches carried out (excluding vehicle only searches),2007/08,Financial year,Any Other Mixed/Multiple Ethnic Background,ONS 2001 16+1,All,Kent,Police Force Area,104,"15,487","6,489",16.03,0.7
Number of stops and searches carried out (excluding vehicle only searches),2010/11,Financial year,Any Other Mixed/Multiple Ethnic Background,ONS 2001 16+1,All,Cleveland,Police Force Area,43,"29,911","1,222",35.19,0.1
Number of stops and searches carried out (excluding vehicle only searches),2010/11,Financial year,Bangladeshi,ONS 2001 16+1,All,Cleveland,Police Force Area,15,"29,911",684,21.93,0.1
Number of stops and searches carried out (excluding vehicle only searches),2012/13,Financial year,Mixed White And Black African,ONS 2001 16+1,All,Greater Manchester,Police Force Area,125,"32,968","9,997",12.5,0.4
Number of stops and searches carried out (excluding vehicle only searches),2015/16,Financial year,Unreported,ONS 2001 5+1,All,Cleveland,Police Force Area,29,"1,121,123","1,718",-,0.3
Number of stops and searches carried out (excluding vehicle only searches),2008/09,Financial year,Any Other Black Background,ONS 2001 16+1,All,Thames Valley,Police Force Area,534,"27,330","7,475",71.44,2.0
Number of stops and searches carried out (excluding vehicle only searches),2018/19,Financial year,Mixed,ONS 2001 5+1,All,All - including BTP and excluding Greater Manchester,Police Force Area,"12,919",316594,1163690,11.1,4.1
Number of stops and searches carried out (excluding vehicle only searches),2011/12,Financial year,Other Inc Chinese,ONS 2001 5+1,All,Hampshire,Police Force Area,122,"31,212","20,911",5.83,0.4
Number of stops and searches carried out (excluding vehicle only searches),2009/10,Financial year,Unreported,ONS 2001 16+1,All,Gloucestershire,Police Force Area,46,"1,121,123","1,718",-,0.3
Number of stops and searches carried out (excluding vehicle only searches),2019/20,Financial year,Any Other Asian Background,ONS 2011 18+1,All,Dorset,Police Force Area,11,1770,5144,2.14,0.6
Number of stops and searches carried out (excluding vehicle only searches),2014/15,Financial year,Mixed White And Asian,ONS 2001 16+1,All,All - including BTP and excluding Greater Manchester,Police Force Area,"1,373",490822,326070,4.21,0.3
Number of stops and searches carried out (excluding vehicle only searches),2009/10,Financial year,Mixed,ONS 2001 5+1,Section 1,All - excluding BTP,Police Force Area,"35,114","1,284,197","1,224,400",28.68,2.7
Number of stops and searches carried out (excluding vehicle only searches),2011/12,Financial year,Chinese,ONS 2001 16+1,All,West Mercia,Police Force Area,5,"10,340","3,545",1.41,0.0
Number of stops and searches carried out (excluding vehicle only searches),2009/10,Financial year,White,ONS 2001 5+1,All,Cumbria,Police Force Area,"10,142","10,365","492,257",20.6,97.8
Number of stops and searches carried out (excluding vehicle only searches),2015/16,Financial year,Mixed White And Black African,ONS 2001 16+1,All,North Wales,Police Force Area,2,"1,521",672,2.98,0.1
Number of stops and searches carried out (excluding vehicle only searches),2006/07,Financial year,Other Inc Chinese,ONS 2001 5+1,All,South Yorkshire,Police Force Area,71,"19,042","24,745",2.87,0.4
Number of stops and searches carried out (excluding vehicle only searches),2010/11,Financial year,White Irish,ONS 2001 16+1,All,Northamptonshire,Police Force Area,44,"12,681","6,704",6.56,0.3
Number of stops and searches carried out (excluding vehicle only searches),2012/13,Financial year,Black African,ONS 2001 16+1,All,All - including BTP and excluding Greater Manchester,Police Force Area,"39,274",930481,944937,41.56,4.2
Number of stops and searches carried out (excluding vehicle only searches),2016/17,Financial year,Chinese,ONS 2001 16+1,All,Derbyshire,Police Force Area,8,"1,724","3,019",2.65,0.5
Number of stops and searches carried out (excluding vehicle only searches),2016/17,Financial year,White,ONS 2001 5+1,All,Essex,Police Force Area,"2,468","3,148","1,608,308",1.53,78.4
Number of stops and searches carried out (excluding vehicle only searches),2012/13,Financial year,Mixed,ONS 2001 5+1,All,North Yorkshire,Police Force Area,29,"7,032","7,456",3.89,0.4
Number of stops and searches carried out (excluding vehicle only searches),2007/08,Financial year,White,ONS 2001 5+1,All,West Midlands,Police Force Area,"14,620","27,826","1,919,138",7.62,52.5
Number of stops and searches carried out (excluding vehicle only searches),2007/08,Financial year,White British,ONS 2001 16+1,All,Sussex,Police Force Area,"21,817","25,703","1,420,338",15.36,84.9
Number of stops and searches carried out (excluding vehicle only searches),2016/17,Financial year,Mixed White And Black Caribbean,ONS 2001 16+1,All,Metropolitan Police,Police Force Area,"2,136","121,607","119,387",17.89,1.8
Number of stops and searches carried out (excluding vehicle only searches),2017/18,Financial year,Indian,ONS 2001 16+1,All,Suffolk,Police Force Area,9,"1,175","3,999",2.25,0.8
Number of stops and searches carried out (excluding vehicle only searches),2014/15,Financial year,Black,ONS 2001 5+1,All,Dorset,Police Force Area,361,"6,985","3,208",112.53,5.2
Number of stops and searches carried out (excluding vehicle only searches),2009/10,Financial year,Black,ONS 2001 5+1,All,North Yorkshire,Police Force Area,50,"6,260","3,618",13.82,0.8
Number of stops and searches carried out (excluding vehicle only searches),2007/08,Financial year,Other Inc Chinese,ONS 2001 5+1,All,Leicestershire,Police Force Area,62,"20,890","19,110",3.24,0.3
Number of stops and searches carried out (excluding vehicle only searches),2010/11,Financial year,Any Other Asian Background,ONS 2001 16+1,All,British Transport Police,Police Force Area,429,"17,521","1,718",-,2.4
Number of stops and searches carried out (excluding vehicle only searches),2016/17,Financial year,Mixed White And Asian,ONS 2001 16+1,All,Durham,Police Force Area,3,"1,705","1,443",2.08,0.2
Number of stops and searches carried out (excluding vehicle only searches),2015/16,Financial year,Any Other Mixed/Multiple Ethnic Background,ONS 2001 16+1,All,West Yorkshire,Police Force Area,83,"13,184","7,577",10.95,0.6
Number of stops and searches carried out (excluding vehicle only searches),2009/10,Financial year,Any Other White Background,ONS 2001 16+1,All,Northamptonshire,Police Force Area,"1,017","11,737","33,363",30.48,8.7
Number of stops and searches carried out (excluding vehicle only searches),2019/20,Financial year,Black African,ONS 2011 18+1,All,Wiltshire,Police Force Area,15,1313,3136,4.78,1.1
Number of stops and searches carried out (excluding vehicle only searches),2010/11,Financial year,Pakistani,ONS 2001 16+1,All,Lincolnshire,Police Force Area,6,"9,651",584,10.27,0.1
Number of stops and searches carried out (excluding vehicle only searches),2020/21,Financial year,Mixed White And Asian,ONS 2011 18+1,All,Kent,Police Force Area,21,11822,9066,2.3,0.2
Number of stops and searches carried out (excluding vehicle only searches),2011/12,Financial year,Mixed White And Asian,ONS 2001 16+1,All,Durham,Police Force Area,3,"5,272","1,443",2.08,0.1
Number of stops and searches carried out (excluding vehicle only searches),2015/16,Financial year,Any Other Mixed/Multiple Ethnic Background,ONS 2001 16+1,All,Metropolitan Police,Police Force Area,"2,918","140,198","118,772",24.57,2.1
Number of stops and searches carried out (excluding vehicle only searches),2009/10,Financial year,Any Other White Background,ONS 2001 16+1,All,Durham,Police Force Area,19,"5,835","9,245",2.06,0.3
Number of stops and searches carried out (excluding vehicle only searches),2020/21,Financial year,Indian,ONS 2011 18+1,All,Kent,Police Force Area,103,11822,25268,4.1,0.9
Number of stops and searches carried out (excluding vehicle only searches),2015/16,Financial year,Black,ONS 2001 5+1,Section 44/47a,All - excluding BTP,Police Force Area,0,"342,086","1,864,890",-,0.0
Number of stops and searches carried out (excluding vehicle only searches),2020/21,Financial year,Chinese,ONS 2011 18+1,All,All - including BTP,Police Force Area,648,565252,393141,1.6,0.1
Number of stops and searches carried out (excluding vehicle only searches),2018/19,Financial year,Mixed White And Black African,ONS 2001 16+1,All,South Yorkshire,Police Force Area,8,4681,2215,3.61,0.2
Number of stops and searches carried out (excluding vehicle only searches),2016/17,Financial year,Indian,ONS 2001 16+1,All,Norfolk,Police Force Area,6,"3,682","4,043",1.48,0.2
Number of stops and searches carried out (excluding vehicle only searches),2014/15,Financial year,Bangladeshi,ONS 2001 16+1,All,Suffolk,Police Force Area,23,"4,628","2,253",10.21,0.5
Number of stops and searches carried out (excluding vehicle only searches),2011/12,Financial year,Any Other Ethnic Group,ONS 2001 16+1,All,Essex,Police Force Area,13,"3,629","7,101",1.83,0.4
Number of stops and searches carried out (excluding vehicle only searches),2018/19,Financial year,Unreported,ONS 2001 16+1,All,Metropolitan Police,Police Force Area,29884,"1,121,123","1,718",-,0.3
Number of stops and searches carried out (excluding vehicle only searches),2010/11,Financial year,Mixed,ONS 2001 5+1,All,Derbyshire,Police Force Area,285,"11,336","14,351",19.86,2.5
Number of stops and searches carried out (excluding vehicle only searches),2011/12,Financial year,Any Other Asian Background,ONS 2001 16+1,All,Essex,Police Force Area,20,"3,629","13,037",1.53,0.6
Number of stops and searches carried out (excluding vehicle only searches),2011/12,Financial year,Indian,ONS 2001 16+1,All,Greater Manchester,Police Force Area,485,"50,524","53,461",9.07,1.0
Number of stops and searches carried out (excluding vehicle only searches),2009/10,Financial year,Bangladeshi,ONS 2001 16+1,All,West Mercia,Police Force Area,38,"11,775","1,718",22.12,0.3
Number of stops and searches carried out (excluding vehicle only searches),2016/17,Financial year,Bangladeshi,ONS 2001 16+1,All,Humberside,Police Force Area,5,716,"2,535",1.97,0.7
Number of stops and searches carried out (excluding vehicle only searches),2010/11,Financial year,White,ONS 2001 5+1,Section 44/47a,All - excluding BTP,Police Force Area,"5,198","1,220,198","48,209,395",0.12,0.5
Number of stops and searches carried out (excluding vehicle only searches),2016/17,Financial year,Mixed White And Asian,ONS 2001 16+1,All,Cleveland,Police Force Area,0,943,"2,173",-,0.0
Number of stops and searches carried out (excluding vehicle only searches),2020/21,Financial year,Any Other Asian Background,ONS 2011 18+1,All,All - including BTP,Police Force Area,31620,565252,835720,37.8,5.6
Number of stops and searches carried out (excluding vehicle only searches),2011/12,Financial year,Unreported,ONS 2001 5+1,All,Staffordshire,Police Force Area,68,"1,121,123","1,718",-,0.3
Number of stops and searches carried out (excluding vehicle only searches),2008/09,Financial year,Pakistani,ONS 2001 16+1,All,Cumbria,Police Force Area,86,"8,588",316,272.15,1.0
Number of stops and searches carried out (excluding vehicle only searches),2015/16,Financial year,Mixed White And Black African,ONS 2001 16+1,All,Staffordshire,Police Force Area,4,"3,847","1,234",3.24,0.1
Number of stops and searches carried out (excluding vehicle only searches),2013/14,Financial year,Unreported,ONS 2001 5+1,All,Warwickshire,Police Force Area,93,"1,121,123","1,718",-,0.3
Number of stops and searches carried out (excluding vehicle only searches),2018/19,Financial year,All,All,All,Avon & Somerset,Police Force Area,6026,4589,1599555,3.77,0.3
Number of stops and searches carried out (excluding vehicle only searches),2018/19,Financial year,Indian,ONS 2001 16+1,All,Dyfed-Powys,Police Force Area,15,2648,1416,10.59,0.6
Number of stops and searches carried out (excluding vehicle only searches),2009/10,Financial year,Mixed,ONS 2001 5+1,All,Durham,Police Force Area,10,"5,835","4,240",2.36,0.2
Number of stops and searches carried out (excluding vehicle only searches),2019/20,Financial year,Bangladeshi,ONS 2011 18+1,All,Hampshire,Police Force Area,62,7952,7324,8.47,0.8
Number of stops and searches carried out (excluding vehicle only searches),2009/10,Financial year,Other Inc Chinese,ONS 2001 5+1,All,Essex,Police Force Area,72,"9,359","15,374",4.68,0.8
Number of stops and searches carried out (excluding vehicle only searches),2018/19,Financial year,Mixed White And Black Caribbean,ONS 2001 16+1,All,South Wales,Police Force Area,84,9436,6244,13.45,0.9
Number of stops and searches carried out (excluding vehicle only searches),2017/18,Financial year,Black African,ONS 2001 16+1,All,Hampshire,Police Force Area,351,"7,207","11,697",30.01,4.9
Number of stops and searches carried out (excluding vehicle only searches),2010/11,Financial year,Any Other Black Background,ONS 2001 16+1,All,Humberside,Police Force Area,27,"8,907",455,59.34,0.3
Number of stops and searches carried out (excluding vehicle only searches),2006/07,Financial year,Unreported,ONS 2001 5+1,All,Devon & Cornwall,Police Force Area,"1,765","1,121,123","1,718",-,0.3
Number of stops and searches carried out (excluding vehicle only searches),2009/10,Financial year,Any Other White Background,ONS 2001 16+1,All,Derbyshire,Police Force Area,109,"8,411","19,952",5.46,1.3
Number of stops and searches carried out (excluding vehicle only searches),2016/17,Financial year,Black,ONS 2001 5+1,All,Durham,Police Force Area,5,"1,705","1,058",4.73,0.3
Number of stops and searches carried out (excluding vehicle only searches),2016/17,Financial year,Chinese,ONS 2001 16+1,All,Suffolk,Police Force Area,0,"1,894","2,159",-,0.0
Number of stops and searches carried out (excluding vehicle only searches),2018/19,Financial year,Any Other Black Background,ONS 2001 16+1,All,Northamptonshire,Police Force Area,79,1960,2117,37.32,4.0
Number of stops and searches carried out (excluding vehicle only searches),2017/18,Financial year,Mixed,ONS 2001 5+1,All,South Yorkshire,Police Force Area,43,"1,529","20,791",2.07,2.8
Number of stops and searches carried out (excluding vehicle only searches),2014/15,Financial year,Any Other Asian Background,ONS 2001 16+1,All,Greater Manchester,Police Force Area,202,"13,624","28,435",7.1,1.5
Number of stops and searches carried out (excluding vehicle only searches),2018/19,Financial year,Mixed,ONS 2001 5+1,All,Gwent,Police Force Area,68,1850,5547,12.26,3.7
Number of stops and searches carried out (excluding vehicle only searches),2009/10,Financial year,Chinese,ONS 2001 16+1,All,Hertfordshire,Police Force Area,47,"12,847","8,462",5.55,0.4
Number of stops and searches carried out (excluding vehicle only searches),2011/12,Financial year,Unreported,ONS 2001 16+1,All,British Transport Police,Police Force Area,"1,395","1,121,123","1,718",-,0.3
Number of stops and searches carried out (excluding vehicle only searches),2020/21,Financial year,All,All,All,Nottinghamshire,Police Force Area,4855,3807,1091482,4.4,0.3
Number of stops and searches carried out (excluding vehicle only searches),2017/18,Financial year,White,ONS 2001 5+1,All,Derbyshire,Police Force Area,900,"1,084","949,845",0.95,83.0
Number of stops and searches carried out (excluding vehicle only searches),2012/13,Financial year,Black,ONS 2001 5+1,All,Bedfordshire,Police Force Area,753,"7,365","29,725",25.33,10.2
Number of stops and searches carried out (excluding vehicle only searches),2010/11,Financial year,Any Other Mixed/Multiple Ethnic Background,ONS 2001 16+1,All,Surrey,Police Force Area,95,"13,478","6,241",15.22,0.7
Number of stops and searches carried out (excluding vehicle only searches),2019/20,Financial year,All,All,All,Northamptonshire,Police Force Area,2191,2121,691952,3.17,0.3
Number of stops and searches carried out (excluding vehicle only searches),2020/21,Financial year,Indian,ONS 2011 18+1,All,Avon & Somerset,Police Force Area,37,7635,12248,3,0.5
Number of stops and searches carried out (excluding vehicle only searches),2016/17,Financial year,All,All,All,Lincolnshire,Police Force Area,"2,597","2,186","713,653",3.64,0.3
Number of stops and searches carried out (excluding vehicle only searches),2012/13,Financial year,Other Inc Chinese,ONS 2001 5+1,All,Leicestershire,Police Force Area,28,"5,831","19,110",1.47,0.5
Number of stops and searches carried out (excluding vehicle only searches),2018/19,Financial year,Black Caribbean,ONS 2001 16+1,All,Cleveland,Police Force Area,2,794,246,8.13,0.3
Number of stops and searches carried out (excluding vehicle only searches),2006/07,Financial year,Black Caribbean,ONS 2001 16+1,All,Hertfordshire,Police Force Area,361,"10,276","8,713",41.43,3.5
Number of stops and searches carried out (excluding vehicle only searches),2018/19,Financial year,Any Other Ethnic Group,ONS 2001 16+1,All,Hampshire,Police Force Area,34,7072,9027,3.77,0.5
Number of stops and searches carried out (excluding vehicle only searches),2014/15,Financial year,Any Other Mixed/Multiple Ethnic Background,ONS 2001 16+1,All,West Midlands,Police Force Area,21,"14,928","14,953",1.4,0.1
Number of stops and searches carried out (excluding vehicle only searches),2010/11,Financial year,Any Other Black Background,ONS 2001 16+1,All,Kent,Police Force Area,133,"11,595","1,893",70.26,1.1
Number of stops and searches carried out (excluding vehicle only searches),2018/19,Financial year,Any Other Asian Background,ONS 2001 16+1,All,All - excluding BTP,Police Force Area,15237,316353,835720,18.23,4.8
Number of stops and searches carried out (excluding vehicle only searches),2011/12,Financial year,Asian,ONS 2001 5+1,All,Derbyshire,Police Force Area,782,"14,875","36,871",21.21,5.3
Number of stops and searches carried out (excluding vehicle only searches),2013/14,Financial year,Any Other Asian Background,ONS 2001 16+1,All,Gwent,Police Force Area,45,"3,947","2,578",17.46,1.1
Number of stops and searches carried out (excluding vehicle only searches),2016/17,Financial year,Black,ONS 2001 5+1,All,West Mercia,Police Force Area,221,"4,829","5,062",43.66,4.6
Number of stops and searches carried out (excluding vehicle only searches),2015/16,Financial year,Any Other Black Background,ONS 2001 16+1,All,Leicestershire,Police Force Area,38,"1,719","3,761",10.1,2.2
Number of stops and searches carried out (excluding vehicle only searches),2007/08,Financial year,White Irish,ONS 2001 16+1,All,Merseyside,Police Force Area,211,"64,607","13,342",15.81,0.3
Number of stops and searches carried out (excluding vehicle only searches),2013/14,Financial year,Asian,ONS 2001 5+1,All,Bedfordshire,Police Force Area,875,"5,515","81,480",10.74,15.9
Number of stops and searches carried out (excluding vehicle only searches),2015/16,Financial year,White Irish,ONS 2001 16+1,All,Humberside,Police Force Area,2,739,"2,599",0.77,0.3
Number of stops and searches carried out (excluding vehicle only searches),2010/11,Financial year,Black Caribbean,ONS 2001 16+1,All,Humberside,Police Force Area,24,"8,907",546,43.96,0.3
Number of stops and searches carried out (excluding vehicle only searches),2007/08,Financial year,White Irish,ONS 2001 16+1,All,Cambridgeshire,Police Force Area,53,"9,811","6,165",8.6,0.5
Number of stops and searches carried out (excluding vehicle only searches),2012/13,Financial year,Pakistani,ONS 2001 16+1,All,Cleveland,Police Force Area,285,"31,104","10,469",27.22,0.9
Number of stops and searches carried out (excluding vehicle only searches),2018/19,Financial year,White,ONS 2001 5+1,All,All - including BTP,Police Force Area,189019,320808,48209395,3.92,58.9
Number of stops and searches carried out (excluding vehicle only searches),2020/21,Financial year,Mixed White And Black African,ONS 2011 18+1,All,West Yorkshire,Police Force Area,51,17647,4624,11,0.3
Number of stops and searches carried out (excluding vehicle only searches),2013/14,Financial year,Mixed White And Black African,ONS 2001 16+1,All,Derbyshire,Police Force Area,21,"6,211","1,211",17.34,0.3
Number of stops and searches carried out (excluding vehicle only searches),2018/19,Financial year,Any Other Asian Background,ONS 2001 16+1,All,Leicestershire,Police Force Area,107,2685,17528,6.1,4.0
Number of stops and searches carried out (excluding vehicle only searches),2016/17,Financial year,Mixed,ONS 2001 5+1,All,Hampshire,Police Force Area,222,"7,762","30,905",7.18,2.9
Number of stops and searches carried out (excluding vehicle only searches),2011/12,Financial year,Any Other Ethnic Group,ONS 2001 16+1,All,Lincolnshire,Police Force Area,4,"6,343","1,102",3.63,0.1
Number of stops and searches carried out (excluding vehicle only searches),2010/11,Financial year,Mixed,ONS 2001 5+1,All,"London, City of",Police Force Area,188,"4,078","1,718",-,4.6
Number of stops and searches carried out (excluding vehicle only searches),2008/09,Financial year,Mixed White And Asian,ONS 2001 16+1,All,Bedfordshire,Police Force Area,38,"8,076","4,645",8.18,0.5
Number of stops and searches carried out (excluding vehicle only searches),2009/10,Financial year,Any Other Ethnic Group,ONS 2001 16+1,All,West Midlands,Police Force Area,130,"18,674","42,068",3.09,0.7
Number of stops and searches carried out (excluding vehicle only searches),2018/19,Financial year,Asian,ONS 2011 5+1,Section 60,All - including BTP,Police Force Area,"1,827",305196,"3,820,390",-,0.6
Number of stops and searches carried out (excluding vehicle only searches),2012/13,Financial year,Black,ONS 2001 5+1,All,Cleveland,Police Force Area,323,"31,104","3,156",102.34,1.0
Number of stops and searches carried out (excluding vehicle only searches),2016/17,Financial year,Mixed,ONS 2001 5+1,All,Northumbria,Police Force Area,31,"3,695","12,447",2.49,0.8
Number of stops and searches carried out (excluding vehicle only searches),2012/13,Financial year,Chinese,ONS 2001 16+1,All,All - excluding BTP and Greater Manchester,Police Force Area,1855,921346,"367,062",5.05,0.2
Number of stops and searches carried out (excluding vehicle only searches),2011/12,Financial year,Black Caribbean,ONS 2001 16+1,All,Thames Valley,Police Force Area,739,"23,604","19,245",38.4,3.1
Number of stops and searches carried out (excluding vehicle only searches),2020/21,Financial year,Black African,ONS 2011 18+1,All,Derbyshire,Police Force Area,44,1823,4459,9.9,2.4
Number of stops and searches carried out (excluding vehicle only searches),2020/21,Financial year,Any Other Mixed/Multiple Ethnic Background,ONS 2011 18+1,All,Thames Valley,Police Force Area,187,14309,13068,14.3,1.3
Number of stops and searches carried out (excluding vehicle only searches),2007/08,Financial year,White,ONS 2001 5+1,All,West Mercia,Police Force Area,"9,578","10,428","1,176,516",8.14,91.8
Number of stops and searches carried out (excluding vehicle only searches),2016/17,Financial year,Any Other Black Background,ONS 2001 16+1,All,Kent,Police Force Area,260,"6,328","1,893",137.35,4.1
Number of stops and searches carried out (excluding vehicle only searches),2015/16,Financial year,Bangladeshi,ONS 2001 16+1,All,West Mercia,Police Force Area,33,"8,357","1,718",19.21,0.4
Number of stops and searches carried out (excluding vehicle only searches),2020/21,Financial year,Mixed White And Black Caribbean,ONS 2011 18+1,All,Greater Manchester,Police Force Area,117,7917,23131,5.1,1.5
Number of stops and searches carried out (excluding vehicle only searches),2019/20,Financial year,Unreported,ONS 2011 5+1,All,Cumbria,Police Force Area,75,"1,121,123","1,718",-,0.3
Number of stops and searches carried out (excluding vehicle only searches),2017/18,Financial year,Asian,ONS 2001 5+1,All,All - excluding BTP,Police Force Area,"28,601","243,589","3,820,390",7.49,11.7
Number of stops and searches carried out (excluding vehicle only searches),2018/19,Financial year,Mixed,ONS 2001 5+1,All,Wiltshire,Police Force Area,27,1142,9794,2.76,2.4
Number of stops and searches carried out (excluding vehicle only searches),2015/16,Financial year,Mixed White And Asian,ONS 2001 16+1,All,West Midlands,Police Force Area,123,"17,442","21,964",5.6,0.7
Number of stops and searches carried out (excluding vehicle only searches),2009/10,Financial year,White Irish,ONS 2001 16+1,All,West Yorkshire,Police Force Area,101,"36,439","14,910",6.77,0.3
Number of stops and searches carried out (excluding vehicle only searches),2020/21,Financial year,White,ONS 2011 5+1,All,Wiltshire,Police Force Area,1730,1967,642869,2.7,88.0
Number of stops and searches carried out (excluding vehicle only searches),2020/21,Financial year,Black,ONS 2011 5+1,All,Humberside,Police Force Area,165,5813,4499,36.7,2.8
Number of stops and searches carried out (excluding vehicle only searches),2015/16,Financial year,Mixed,ONS 2001 5+1,All,Gloucestershire,Police Force Area,85,"2,018","8,661",9.81,4.2
Number of stops and searches carried out (excluding vehicle only searches),2009/10,Financial year,Mixed White And Black Caribbean,ONS 2001 16+1,All,Devon & Cornwall,Police Force Area,93,"22,967","4,345",21.4,0.4
Number of stops and searches carried out (excluding vehicle only searches),2015/16,Financial year,Unreported,ONS 2001 5+1,All,Thames Valley,Police Force Area,"1,149","1,121,123","1,718",-,0.3
Number of stops and searches carried out (excluding vehicle only searches),2019/20,Financial year,Asian,ONS 2011 5+1,Section 1,All - excluding BTP and Greater Manchester,Police Force Area,58472,461837,3941358,13.88,12.7
Number of stops and searches carried out (excluding vehicle only searches),2017/18,Financial year,Bangladeshi,ONS 2001 16+1,All,Hertfordshire,Police Force Area,41,"5,755","5,608",7.31,0.7
Number of stops and searches carried out (excluding vehicle only searches),2020/21,Financial year,Unreported,ONS 2011 18+1,All,Merseyside,Police Force Area,5911,"1,121,123","1,718",-,0.3
Number of stops and searches carried out (excluding vehicle only searches),2013/14,Financial year,Mixed White And Asian,ONS 2001 16+1,All,Kent,Police Force Area,15,"8,969","9,066",1.65,0.2
Number of stops and searches carried out (excluding vehicle only searches),2019/20,Financial year,Black,ONS 2011 5+1,All,Hertfordshire,Police Force Area,759,6359,31401,24.17,11.9
Number of stops and searches carried out (excluding vehicle only searches),2007/08,Financial year,Pakistani,ONS 2001 16+1,All,Wiltshire,Police Force Area,14,"4,178","1,507",9.29,0.3
Number of stops and searches carried out (excluding vehicle only searches),2013/14,Financial year,Any Other Asian Background,ONS 2001 16+1,All,Northamptonshire,Police Force Area,109,"8,427","3,741",29.14,1.3
Number of stops and searches carried out (excluding vehicle only searches),2013/14,Financial year,Pakistani,ONS 2001 16+1,All,Gwent,Police Force Area,56,"3,947","3,407",16.44,1.4
Number of stops and searches carried out (excluding vehicle only searches),2012/13,Financial year,Any Other Ethnic Group,ONS 2001 16+1,All,All - including BTP and excluding Greater Manchester,Police Force Area,"10,095",930481,536271,18.82,1.1
Number of stops and searches carried out (excluding vehicle only searches),2016/17,Financial year,White,ONS 2001 5+1,All,Wiltshire,Police Force Area,"1,259","1,488","642,869",1.96,84.6
Number of stops and searches carried out (excluding vehicle only searches),2016/17,Financial year,Chinese,ONS 2001 16+1,All,Cumbria,Police Force Area,0,"1,755","1,153",-,0.0
Number of stops and searches carried out (excluding vehicle only searches),2019/20,Financial year,Any Other White Background,ONS 2011 18+1,All,Surrey,Police Force Area,425,5086,62736,6.77,8.4
Number of stops and searches carried out (excluding vehicle only searches),2018/19,Financial year,Any Other Mixed/Multiple Ethnic Background,ONS 2001 16+1,All,Cumbria,Police Force Area,5,1558,558,8.96,0.3
Number of stops and searches carried out (excluding vehicle only searches),2006/07,Financial year,White British,ONS 2001 16+1,All,Gwent,Police Force Area,"5,177","5,627","544,580",9.51,92.0
Number of stops and searches carried out (excluding vehicle only searches),2017/18,Financial year,All,All,All,British Transport Police,Police Force Area,"2,914","2,160","1,718",-,0.3
Number of stops and searches carried out (excluding vehicle only searches),2017/18,Financial year,Any Other White Background,ONS 2001 16+1,All,South Wales,Police Force Area,105,"5,868","26,397",3.98,1.8
Number of stops and searches carried out (excluding vehicle only searches),2008/09,Financial year,Other Inc Chinese,ONS 2001 5+1,All,Cumbria,Police Force Area,38,"8,588","1,605",23.68,0.4
Number of stops and searches carried out (excluding vehicle only searches),2020/21,Financial year,Other,ONS 2011 5+1,All,Gwent,Police Force Area,49,3988,1951,25.1,1.2
Number of stops and searches carried out (excluding vehicle only searches),2018/19,Financial year,Mixed White And Black African,ONS 2001 16+1,All,Cumbria,Police Force Area,0,1558,314,0,0.0
Number of stops and searches carried out (excluding vehicle only searches),2006/07,Financial year,Any Other Asian Background,ONS 2001 16+1,All,West Midlands,Police Force Area,444,"25,364","59,008",7.52,1.8
Number of stops and searches carried out (excluding vehicle only searches),2019/20,Financial year,Any Other Black Background,ONS 2011 18+1,All,Dyfed-Powys,Police Force Area,7,2929,126,55.56,0.2
Number of stops and searches carried out (excluding vehicle only searches),2015/16,Financial year,Mixed White And Asian,ONS 2001 16+1,All,Avon & Somerset,Police Force Area,14,"4,929","7,477",1.87,0.3
Number of stops and searches carried out (excluding vehicle only searches),2016/17,Financial year,Any Other Black Background,ONS 2001 16+1,All,Suffolk,Police Force Area,70,"1,894","1,721",40.67,3.7
Number of stops and searches carried out (excluding vehicle only searches),2015/16,Financial year,All,All,All,Hampshire,Police Force Area,"11,108","10,238","1,897,991",5.85,0.3
Number of stops and searches carried out (excluding vehicle only searches),2015/16,Financial year,Any Other Black Background,ONS 2001 16+1,All,Hertfordshire,Police Force Area,134,"7,162","2,966",45.18,1.9
Number of stops and searches carried out (excluding vehicle only searches),2017/18,Financial year,White,ONS 2001 5+1,All,Avon & Somerset,Police Force Area,"3,771","4,734","1,491,970",2.53,79.7
Number of stops and searches carried out (excluding vehicle only searches),2011/12,Financial year,Asian,ONS 2001 5+1,All,Cumbria,Police Force Area,73,"13,685","2,913",25.06,0.5
Number of stops and searches carried out (excluding vehicle only searches),2013/14,Financial year,Any Other Black Background,ONS 2001 16+1,All,Gloucestershire,Police Force Area,42,"4,445",747,56.22,0.9
Number of stops and searches carried out (excluding vehicle only searches),2017/18,Financial year,Mixed White And Asian,ONS 2001 16+1,All,Cheshire,Police Force Area,7,"1,889","3,345",2.09,0.4
Number of stops and searches carried out (excluding vehicle only searches),2017/18,Financial year,All,All,Section 44/47a,All - including BTP,Police Force Area,130,"243,589","56,075,912",-,0.1
Number of stops and searches carried out (excluding vehicle only searches),2019/20,Financial year,White,ONS 2011 5+1,All,Sussex,Police Force Area,6108,7282,1505433,4.06,83.9
Number of stops and searches carried out (excluding vehicle only searches),2011/12,Financial year,Mixed White And Black Caribbean,ONS 2001 16+1,All,West Mercia,Police Force Area,166,"10,340","5,745",28.89,1.6
Number of stops and searches carried out (excluding vehicle only searches),2013/14,Financial year,White Irish,ONS 2001 16+1,All,Cleveland,Police Force Area,74,"24,616","1,718",43.07,0.3
Number of stops and searches carried out (excluding vehicle only searches),2016/17,Financial year,White,ONS 2001 5+1,All,All - excluding BTP and Greater Manchester,Police Force Area,166147,263806,"45,961,272",3.61,63.0
Number of stops and searches carried out (excluding vehicle only searches),2013/14,Financial year,Pakistani,ONS 2001 16+1,All,Humberside,Police Force Area,39,"6,512","2,335",16.7,0.6
Number of stops and searches carried out (excluding vehicle only searches),2008/09,Financial year,White,ONS 2001 5+1,All,Cumbria,Police Force Area,"8,307","8,588","492,257",16.88,96.7
Number of stops and searches carried out (excluding vehicle only searches),2010/11,Financial year,Black,ONS 2001 5+1,All,South Wales,Police Force Area,387,"13,847","12,738",30.38,2.8
Number of stops and searches carried out (excluding vehicle only searches),2008/09,Financial year,Other Inc Chinese,ONS 2001 5+1,All,All - including BTP and excluding Greater Manchester,Police Force Area,5,"1,121,123","1,718",-,0.3
Number of stops and searches carried out (excluding vehicle only searches),2008/09,Financial year,Indian,ONS 2001 16+1,All,Dorset,Police Force Area,10,"6,426","3,775",2.65,0.2
Number of stops and searches carried out (excluding vehicle only searches),2008/09,Financial year,Indian,ONS 2001 16+1,All,Durham,Police Force Area,2,"5,249","2,094",0.96,0.0
Number of stops and searches carried out (excluding vehicle only searches),2012/13,Financial year,Any Other Ethnic Group,ONS 2001 16+1,All,Kent,Police Force Area,474,"7,996","8,593",55.16,5.9
Number of stops and searches carried out (excluding vehicle only searches),2014/15,Financial year,Pakistani,ONS 2001 16+1,All,Essex,Police Force Area,27,"4,835","5,055",5.34,0.6
Number of stops and searches carried out (excluding vehicle only searches),2008/09,Financial year,Other Inc Chinese,ONS 2001 5+1,All,Greater Manchester,Police Force Area,410,"52,329","53,504",7.66,0.8
Number of stops and searches carried out (excluding vehicle only searches),2012/13,Financial year,Black Caribbean,ONS 2001 16+1,All,Suffolk,Police Force Area,53,"3,570","2,509",21.12,1.5
Number of stops and searches carried out (excluding vehicle only searches),2017/18,Financial year,Any Other Black Background,ONS 2001 16+1,All,Gwent,Police Force Area,5,667,322,15.53,0.7
Number of stops and searches carried out (excluding vehicle only searches),2006/07,Financial year,Unreported,ONS 2001 16+1,All,Hertfordshire,Police Force Area,439,"1,121,123","1,718",-,0.3
Number of stops and searches carried out (excluding vehicle only searches),2010/11,Financial year,Any Other Asian Background,ONS 2001 16+1,All,Humberside,Police Force Area,76,"8,907","3,519",21.6,0.9
Number of stops and searches carried out (excluding vehicle only searches),2011/12,Financial year,Bangladeshi,ONS 2001 16+1,All,All - excluding BTP,Police Force Area,"24,618","1,121,123","447,201",55.05,2.2
Number of stops and searches carried out (excluding vehicle only searches),2009/10,Financial year,Any Other Asian Background,ONS 2001 16+1,All,Merseyside,Police Force Area,141,"59,659","6,023",23.41,0.2
Number of stops and searches carried out (excluding vehicle only searches),2015/16,Financial year,Any Other Black Background,ONS 2001 16+1,All,Metropolitan Police,Police Force Area,"16,732","140,198","170,063",98.39,11.9
Number of stops and searches carried out (excluding vehicle only searches),2014/15,Financial year,Mixed White And Black Caribbean,ONS 2001 16+1,All,West Yorkshire,Police Force Area,253,"20,479","20,827",12.15,1.2
Number of stops and searches carried out (excluding vehicle only searches),2013/14,Financial year,Black,ONS 2001 5+1,All,Dyfed-Powys,Police Force Area,61,"8,988",856,71.26,0.7
Number of stops and searches carried out (excluding vehicle only searches),2018/19,Financial year,Unreported,ONS 2001 16+1,All,Cumbria,Police Force Area,60,"1,121,123","1,718",-,0.3
Number of stops and searches carried out (excluding vehicle only searches),2015/16,Financial year,Asian,ONS 2001 5+1,All,Suffolk,Police Force Area,60,"2,530","10,972",5.47,2.4
Number of stops and searches carried out (excluding vehicle only searches),2019/20,Financial year,Black,ONS 2011 5+1,All,Northamptonshire,Police Force Area,302,2121,16923,17.85,14.2
Number of stops and searches carried out (excluding vehicle only searches),2012/13,Financial year,Unreported,ONS 2001 5+1,All,Nottinghamshire,Police Force Area,228,"1,121,123","1,718",-,0.3
Number of stops and searches carried out (excluding vehicle only searches),2015/16,Financial year,Unreported,ONS 2001 5+1,All,Staffordshire,Police Force Area,283,"1,121,123","1,718",-,0.3
Number of stops and searches carried out (excluding vehicle only searches),2011/12,Financial year,White British,ONS 2001 16+1,All,Metropolitan Police,Police Force Area,"144,448","480,702","3,665,041",39.41,30.0
Number of stops and searches carried out (excluding vehicle only searches),2015/16,Financial year,Bangladeshi,ONS 2001 16+1,All,Devon & Cornwall,Police Force Area,12,"5,802","1,308",9.17,0.2
Number of stops and searches carried out (excluding vehicle only searches),2010/11,Financial year,Chinese,ONS 2001 16+1,All,South Wales,Police Force Area,12,"13,847","8,495",1.41,0.1
Number of stops and searches carried out (excluding vehicle only searches),2012/13,Financial year,Black,ONS 2001 5+1,All,South Yorkshire,Police Force Area,803,"20,487","25,752",31.18,3.9
Number of stops and searches carried out (excluding vehicle only searches),2019/20,Financial year,Any Other Ethnic Group,ONS 2011 18+1,All,Humberside,Police Force Area,10,2548,1713,5.84,0.4
Number of stops and searches carried out (excluding vehicle only searches),2019/20,Financial year,Asian,ONS 2011 5+1,All,Devon & Cornwall,Police Force Area,57,4396,17405,3.27,1.3
Number of stops and searches carried out (excluding vehicle only searches),2014/15,Financial year,Black,ONS 2001 5+1,All,North Wales,Police Force Area,13,"2,419","1,497",8.68,0.5
Number of stops and searches carried out (excluding vehicle only searches),2011/12,Financial year,All,All,All,Cumbria,Police Force Area,"14,102","13,685","499,858",28.21,0.3
Number of stops and searches carried out (excluding vehicle only searches),2008/09,Financial year,Black Caribbean,ONS 2001 16+1,All,West Yorkshire,Police Force Area,"1,243","47,383","15,581",79.78,2.6
Number of stops and searches carried out (excluding vehicle only searches),2010/11,Financial year,Mixed White And Black Caribbean,ONS 2001 16+1,All,Dorset,Police Force Area,36,"6,728","2,486",14.48,0.5
Number of stops and searches carried out (excluding vehicle only searches),2008/09,Financial year,Mixed White And Black African,ONS 2001 16+1,All,Northumbria,Police Force Area,15,"32,281","2,202",6.81,0.0
Number of stops and searches carried out (excluding vehicle only searches),2015/16,Financial year,Mixed White And Asian,ONS 2001 16+1,All,Kent,Police Force Area,14,"6,845","9,066",1.54,0.2
Number of stops and searches carried out (excluding vehicle only searches),2020/21,Financial year,Asian,ONS 2011 5+1,All,"London, City of",Police Force Area,294,1537,"1,718",-,19.1
Number of stops and searches carried out (excluding vehicle only searches),2012/13,Financial year,Any Other Ethnic Group,ONS 2001 16+1,All,Durham,Police Force Area,6,"8,528","1,083",5.54,0.1
Number of stops and searches carried out (excluding vehicle only searches),2017/18,Financial year,Any Other Asian Background,ONS 2001 16+1,All,Leicestershire,Police Force Area,69,"1,465","17,528",3.94,4.7
Number of stops and searches carried out (excluding vehicle only searches),2020/21,Financial year,Gypsy Or Irish Traveller,ONS 2011 18+1,All,Metropolitan Police,Police Force Area,0,239021,8193,0,0.0
Number of stops and searches carried out (excluding vehicle only searches),2019/20,Financial year,Indian,ONS 2011 18+1,All,North Yorkshire,Police Force Area,8,2220,3162,2.53,0.4
Number of stops and searches carried out (excluding vehicle only searches),2006/07,Financial year,Mixed,ONS 2001 5+1,All,Gloucestershire,Police Force Area,131,"4,837","8,661",15.13,2.7
Number of stops and searches carried out (excluding vehicle only searches),2016/17,Financial year,Any Other Black Background,ONS 2001 16+1,All,South Wales,Police Force Area,69,"4,851","1,995",34.59,1.4
Number of stops and searches carried out (excluding vehicle only searches),2007/08,Financial year,Any Other Black Background,ONS 2001 16+1,All,Northumbria,Police Force Area,32,"28,937",608,52.63,0.1
Number of stops and searches carried out (excluding vehicle only searches),2015/16,Financial year,Chinese,ONS 2001 16+1,All,Staffordshire,Police Force Area,0,"3,847","3,950",-,0.0
Number of stops and searches carried out (excluding vehicle only searches),2014/15,Financial year,Any Other Ethnic Group,ONS 2001 16+1,All,All - excluding BTP,Police Force Area,"5,957","498,721","563,696",10.57,1.2
Number of stops and searches carried out (excluding vehicle only searches),2016/17,Financial year,Asian,ONS 2001 5+1,All,Cumbria,Police Force Area,21,"1,755","2,913",7.21,1.2
Number of stops and searches carried out (excluding vehicle only searches),2017/18,Financial year,Asian,ONS 2001 5+1,All,Wiltshire,Police Force Area,40,940,"17,379",2.3,4.3
Number of stops and searches carried out (excluding vehicle only searches),2007/08,Financial year,Indian,ONS 2001 16+1,All,Dyfed-Powys,Police Force Area,10,"7,049","1,416",7.06,0.1
Number of stops and searches carried out (excluding vehicle only searches),2018/19,Financial year,Any Other White Background,ONS 2001 16+1,All,Staffordshire,Police Force Area,153,3280,18807,8.14,4.7
Number of stops and searches carried out (excluding vehicle only searches),2014/15,Financial year,Mixed White And Black African,ONS 2001 16+1,All,Surrey,Police Force Area,38,"10,029","2,736",13.89,0.4
Number of stops and searches carried out (excluding vehicle only searches),2009/10,Financial year,All,All,All,Northumbria,Police Force Area,"39,504","39,383","1,420,853",27.8,0.3
Number of stops and searches carried out (excluding vehicle only searches),2007/08,Financial year,Black Caribbean,ONS 2001 16+1,All,Bedfordshire,Police Force Area,313,"4,614","12,250",25.55,6.8
Number of stops and searches carried out (excluding vehicle only searches),2016/17,Financial year,Black,ONS 2001 5+1,All,Norfolk,Police Force Area,222,"3,682","4,609",48.17,6.0
Number of stops and searches carried out (excluding vehicle only searches),2009/10,Financial year,Pakistani,ONS 2001 16+1,All,Durham,Police Force Area,3,"5,835",608,4.93,0.1
Number of stops and searches carried out (excluding vehicle only searches),2020/21,Financial year,Any Other Mixed/Multiple Ethnic Background,ONS 2011 18+1,All,Suffolk,Police Force Area,110,4449,3167,34.7,2.5
Number of stops and searches carried out (excluding vehicle only searches),2008/09,Financial year,Chinese,ONS 2001 16+1,All,Devon & Cornwall,Police Force Area,46,"21,875","5,711",8.05,0.2
Number of stops and searches carried out (excluding vehicle only searches),2008/09,Financial year,Pakistani,ONS 2001 16+1,All,North Yorkshire,Police Force Area,88,"9,086","1,311",67.12,1.0
Number of stops and searches carried out (excluding vehicle only searches),2013/14,Financial year,Any Other Asian Background,ONS 2001 16+1,All,North Wales,Police Force Area,8,"5,097","2,348",3.41,0.2
Number of stops and searches carried out (excluding vehicle only searches),2011/12,Financial year,Black African,ONS 2001 16+1,All,South Wales,Police Force Area,151,"13,948","8,592",17.57,1.1
Number of stops and searches carried out (excluding vehicle only searches),2016/17,Financial year,White Irish,ONS 2001 16+1,All,Norfolk,Police Force Area,17,"3,682","3,677",4.62,0.5
Number of stops and searches carried out (excluding vehicle only searches),2019/20,Financial year,Mixed,ONS 2011 5+1,All,North Yorkshire,Police Force Area,47,2220,7456,6.3,2.1
Number of stops and searches carried out (excluding vehicle only searches),2010/11,Financial year,White,ONS 2001 5+1,All,Merseyside,Police Force Area,"42,011","43,877","1,305,303",32.18,95.7
Number of stops and searches carried out (excluding vehicle only searches),2014/15,Financial year,Indian,ONS 2001 16+1,All,South Yorkshire,Police Force Area,30,"8,175","9,136",3.28,0.4
Number of stops and searches carried out (excluding vehicle only searches),2014/15,Financial year,Mixed White And Black African,ONS 2001 16+1,All,Leicestershire,Police Force Area,8,"3,129","1,898",4.21,0.3
Number of stops and searches carried out (excluding vehicle only searches),2012/13,Financial year,White Irish,ONS 2001 16+1,All,Nottinghamshire,Police Force Area,13,"3,384","6,952",1.87,0.4
Number of stops and searches carried out (excluding vehicle only searches),2011/12,Financial year,Any Other Asian Background,ONS 2001 16+1,All,All - excluding BTP,Police Force Area,"36,657","1,121,123","835,720",43.86,3.3
Number of stops and searches carried out (excluding vehicle only searches),2016/17,Financial year,Unreported,ONS 2001 16+1,All,Avon & Somerset,Police Force Area,"1,582","1,121,123","1,718",-,0.3
Number of stops and searches carried out (excluding vehicle only searches),2015/16,Financial year,Other Inc Chinese,ONS 2001 5+1,Section 60,All - including BTP,Police Force Area,11,"342,086","956,837",-,0.0
Number of stops and searches carried out (excluding vehicle only searches),2017/18,Financial year,Indian,ONS 2001 16+1,All,Hampshire,Police Force Area,53,"7,207","20,819",2.55,0.7
Number of stops and searches carried out (excluding vehicle only searches),2015/16,Financial year,White,ONS 2001 5+1,All,Derbyshire,Police Force Area,"3,003","3,534","949,845",3.16,85.0
Number of stops and searches carried out (excluding vehicle only searches),2008/09,Financial year,Asian,ONS 2001 5+1,All,South Wales,Police Force Area,386,"18,463","35,804",10.78,2.1
Number of stops and searches carried out (excluding vehicle only searches),2015/16,Financial year,Any Other Asian Background,ONS 2001 16+1,All,West Mercia,Police Force Area,94,"8,357","4,522",20.79,1.1
Number of stops and searches carried out (excluding vehicle only searches),2015/16,Financial year,Chinese,ONS 2001 16+1,All,North Yorkshire,Police Force Area,6,"4,214","4,182",1.43,0.1
Number of stops and searches carried out (excluding vehicle only searches),2019/20,Financial year,White,ONS 2011 5+1,All,Gwent,Police Force Area,2150,2592,554377,3.88,82.9
Number of stops and searches carried out (excluding vehicle only searches),2014/15,Financial year,Chinese,ONS 2001 16+1,All,"London, City of",Police Force Area,5,"1,539","1,718",-,0.3
Number of stops and searches carried out (excluding vehicle only searches),2011/12,Financial year,Mixed,ONS 2001 5+1,All,Durham,Police Force Area,9,"5,272","4,240",2.12,0.2
Number of stops and searches carried out (excluding vehicle only searches),2018/19,Financial year,Mixed,ONS 2001 5+1,All,Warwickshire,Police Force Area,79,1685,7949,9.94,4.7
Number of stops and searches carried out (excluding vehicle only searches),2017/18,Financial year,Mixed White And Black African,ONS 2001 16+1,All,West Midlands,Police Force Area,107,"11,316","6,053",17.68,0.9
Number of stops and searches carried out (excluding vehicle only searches),2006/07,Financial year,Any Other Ethnic Group,ONS 2001 16+1,All,South Wales,Police Force Area,66,"18,023","10,394",6.35,0.4
Number of stops and searches carried out (excluding vehicle only searches),2011/12,Financial year,Indian,ONS 2001 16+1,All,Dyfed-Powys,Police Force Area,21,"12,957","1,416",14.83,0.2
Number of stops and searches carried out (excluding vehicle only searches),2011/12,Financial year,Black,ONS 2001 5+1,All,West Midlands,Police Force Area,"5,478","35,185","164,069",33.39,15.6
Number of stops and searches carried out (excluding vehicle only searches),2017/18,Financial year,Black,ONS 2001 5+1,All,Nottinghamshire,Police Force Area,232,"1,449","27,287",8.5,16.0
Number of stops and searches carried out (excluding vehicle only searches),2016/17,Financial year,Black African,ONS 2001 16+1,All,"London, City of",Police Force Area,83,"1,122","1,718",-,7.4
Number of stops and searches carried out (excluding vehicle only searches),2006/07,Financial year,Mixed White And Black Caribbean,ONS 2001 16+1,All,Northumbria,Police Force Area,34,"33,759","3,068",11.08,0.1
Number of stops and searches carried out (excluding vehicle only searches),2017/18,Financial year,White,ONS 2001 5+1,All,Leicestershire,Police Force Area,"1,053","1,465","797,704",1.32,71.9
Number of stops and searches carried out (excluding vehicle only searches),2009/10,Financial year,Any Other Black Background,ONS 2001 16+1,All,West Midlands,Police Force Area,485,"18,674","28,880",16.79,2.6
Number of stops and searches carried out (excluding vehicle only searches),2017/18,Financial year,Any Other Asian Background,ONS 2001 16+1,All,South Yorkshire,Police Force Area,54,"1,529","9,374",5.76,3.5
Number of stops and searches carried out (excluding vehicle only searches),2014/15,Financial year,Mixed White And Asian,ONS 2001 16+1,All,All - including BTP,Police Force Area,"1,438","504,446","341,727",4.21,0.3
Number of stops and searches carried out (excluding vehicle only searches),2020/21,Financial year,Any Other Ethnic Group,ONS 2011 18+1,All,Cleveland,Police Force Area,36,5061,1000,36,0.7
Number of stops and searches carried out (excluding vehicle only searches),2018/19,Financial year,Bangladeshi,ONS 2001 16+1,All,Cambridgeshire,Police Force Area,11,1363,2791,3.94,0.8
Number of stops and searches carried out (excluding vehicle only searches),2007/08,Financial year,Any Other Mixed/Multiple Ethnic Background,ONS 2001 16+1,All,Thames Valley,Police Force Area,184,"25,330","13,068",14.08,0.7
Number of stops and searches carried out (excluding vehicle only searches),2014/15,Financial year,Mixed White And Asian,ONS 2001 16+1,All,Suffolk,Police Force Area,15,"4,628","2,787",5.38,0.3
Number of stops and searches carried out (excluding vehicle only searches),2015/16,Financial year,White Irish,ONS 2001 16+1,All,Wiltshire,Police Force Area,8,"2,405","4,233",1.89,0.3
Number of stops and searches carried out (excluding vehicle only searches),2006/07,Financial year,White British,ONS 2001 16+1,All,North Yorkshire,Police Force Area,"8,892","9,415","743,668",11.96,94.4
Number of stops and searches carried out (excluding vehicle only searches),2013/14,Financial year,Mixed White And Black Caribbean,ONS 2001 16+1,All,West Mercia,Police Force Area,156,"14,121","5,745",27.15,1.1
Number of stops and searches carried out (excluding vehicle only searches),2006/07,Financial year,Black Caribbean,ONS 2001 16+1,All,Kent,Police Force Area,228,"13,888","4,721",48.29,1.6
Number of stops and searches carried out (excluding vehicle only searches),2015/16,Financial year,White British,ONS 2001 16+1,All,Nottinghamshire,Police Force Area,"1,565","2,417","927,928",1.69,64.7
Number of stops and searches carried out (excluding vehicle only searches),2019/20,Financial year,Chinese,ONS 2011 18+1,All,Greater Manchester,Police Force Area,1,2369,26079,0.04,0.0
Number of stops and searches carried out (excluding vehicle only searches),2012/13,Financial year,Pakistani,ONS 2001 16+1,All,Wiltshire,Police Force Area,20,"5,844","1,507",13.27,0.3
Number of stops and searches carried out (excluding vehicle only searches),2013/14,Financial year,Asian,ONS 2001 5+1,All,Durham,Police Force Area,44,"12,058","5,114",8.6,0.4
Number of stops and searches carried out (excluding vehicle only searches),2013/14,Financial year,Chinese,ONS 2001 16+1,All,Dorset,Police Force Area,5,"8,329","3,481",1.44,0.1
Number of stops and searches carried out (excluding vehicle only searches),2008/09,Financial year,Unreported,ONS 2001 5+1,All,Hertfordshire,Police Force Area,368,"1,121,123","1,718",-,0.3
Number of stops and searches carried out (excluding vehicle only searches),2015/16,Financial year,Mixed White And Asian,ONS 2001 16+1,All,West Mercia,Police Force Area,26,"8,357","3,936",6.61,0.3
Number of stops and searches carried out (excluding vehicle only searches),2006/07,Financial year,Black African,ONS 2001 16+1,All,Greater Manchester,Police Force Area,"1,245","45,408","44,691",27.86,2.7
Number of stops and searches carried out (excluding vehicle only searches),2010/11,Financial year,Indian,ONS 2001 16+1,All,Staffordshire,Police Force Area,132,"11,170","8,781",15.03,1.2
Number of stops and searches carried out (excluding vehicle only searches),2019/20,Financial year,Gypsy Or Irish Traveller,ONS 2011 18+1,All,Leicestershire,Police Force Area,8,3384,886,9.03,0.2
Number of stops and searches carried out (excluding vehicle only searches),2010/11,Financial year,Black,ONS 2001 5+1,All,West Yorkshire,Police Force Area,"1,212","35,642","46,476",26.08,3.4
Number of stops and searches carried out (excluding vehicle only searches),2016/17,Financial year,Black African,ONS 2001 16+1,All,Devon & Cornwall,Police Force Area,36,"4,744","2,384",15.1,0.8
Number of stops and searches carried out (excluding vehicle only searches),2012/13,Financial year,Asian,ONS 2001 5+1,All,Sussex,Police Force Area,830,"23,451","40,865",20.31,3.5
Number of stops and searches carried out (excluding vehicle only searches),2012/13,Financial year,Pakistani,ONS 2001 16+1,All,Cambridgeshire,Police Force Area,488,"16,169","14,451",33.77,3.0
Number of stops and searches carried out (excluding vehicle only searches),2014/15,Financial year,Any Other Ethnic Group,ONS 2001 16+1,All,North Yorkshire,Police Force Area,28,"6,310","2,051",13.65,0.4
Number of stops and searches carried out (excluding vehicle only searches),2012/13,Financial year,Black Caribbean,ONS 2001 16+1,All,Avon & Somerset,Police Force Area,688,"29,588","8,858",77.67,2.3
Number of stops and searches carried out (excluding vehicle only searches),2020/21,Financial year,Other,ONS 2011 5+1,All,Cumbria,Police Force Area,6,3058,452,13.3,0.2
Number of stops and searches carried out (excluding vehicle only searches),2014/15,Financial year,Bangladeshi,ONS 2001 16+1,All,Greater Manchester,Police Force Area,69,"13,624","34,186",2.02,0.5
Number of stops and searches carried out (excluding vehicle only searches),2015/16,Financial year,Black African,ONS 2001 16+1,All,Essex,Police Force Area,126,"2,200","24,613",5.12,5.7
Number of stops and searches carried out (excluding vehicle only searches),2017/18,Financial year,Asian,ONS 2001 5+1,All,Thames Valley,Police Force Area,722,"5,466","192,541",3.75,13.2
Number of stops and searches carried out (excluding vehicle only searches),2007/08,Financial year,Indian,ONS 2001 16+1,All,All - including BTP and excluding Greater Manchester,Police Force Area,5,"1,121,123","1,718",-,0.3
Number of stops and searches carried out (excluding vehicle only searches),2006/07,Financial year,Indian,ONS 2001 16+1,All,Cheshire,Police Force Area,9,"6,390","5,474",1.64,0.1
Number of stops and searches carried out (excluding vehicle only searches),2010/11,Financial year,Any Other White Background,ONS 2001 16+1,All,Thames Valley,Police Force Area,"1,845","40,215","128,936",14.31,4.6
Number of stops and searches carried out (excluding vehicle only searches),2015/16,Financial year,Mixed White And Black Caribbean,ONS 2001 16+1,All,Cambridgeshire,Police Force Area,29,"2,836","4,052",7.16,1.0
Number of stops and searches carried out (excluding vehicle only searches),2017/18,Financial year,Other Inc Chinese,ONS 2001 5+1,All,Merseyside,Police Force Area,66,"9,257","21,529",3.07,0.7
Number of stops and searches carried out (excluding vehicle only searches),2012/13,Financial year,White Irish,ONS 2001 16+1,All,Merseyside,Police Force Area,101,"29,117","13,342",7.57,0.3
Number of stops and searches carried out (excluding vehicle only searches),2010/11,Financial year,Unreported,ONS 2001 5+1,Section 60,All - excluding BTP,Police Force Area,"3,266","1,121,123","1,718",-,0.3
Number of stops and searches carried out (excluding vehicle only searches),2009/10,Financial year,White Irish,ONS 2001 16+1,All,West Mercia,Police Force Area,29,"11,775","6,328",4.58,0.2
Number of stops and searches carried out (excluding vehicle only searches),2018/19,Financial year,Chinese,ONS 2001 16+1,All,British Transport Police,Police Force Area,19,4455,"1,718",-,0.4
Number of stops and searches carried out (excluding vehicle only searches),2020/21,Financial year,Mixed White And Asian,ONS 2011 18+1,All,Cleveland,Police Force Area,17,5061,2173,7.8,0.3
Number of stops and searches carried out (excluding vehicle only searches),2018/19,Financial year,Chinese,ONS 2001 16+1,All,Leicestershire,Police Force Area,2,2685,7872,0.25,0.1
Number of stops and searches carried out (excluding vehicle only searches),2007/08,Financial year,All,All,All,Staffordshire,Police Force Area,"17,303","17,186","1,097,497",15.77,0.3
Number of stops and searches carried out (excluding vehicle only searches),2012/13,Financial year,Any Other Black Background,ONS 2001 16+1,All,Suffolk,Police Force Area,44,"3,570","1,721",25.57,1.2
Number of stops and searches carried out (excluding vehicle only searches),2006/07,Financial year,Black African,ONS 2001 16+1,All,South Wales,Police Force Area,171,"18,023","8,592",19.9,0.9
Number of stops and searches carried out (excluding vehicle only searches),2019/20,Financial year,Unreported,ONS 2011 5+1,All,Devon & Cornwall,Police Force Area,1207,"1,121,123","1,718",-,0.3
Number of stops and searches carried out (excluding vehicle only searches),2012/13,Financial year,Any Other Mixed/Multiple Ethnic Background,ONS 2001 16+1,All,Cambridgeshire,Police Force Area,162,"16,169","4,486",36.11,1.0
Number of stops and searches carried out (excluding vehicle only searches),2019/20,Financial year,Mixed White And Asian,ONS 2011 18+1,All,Derbyshire,Police Force Area,10,1517,3825,2.61,0.7
Number of stops and searches carried out (excluding vehicle only searches),2009/10,Financial year,Other Inc Chinese,ONS 2001 5+1,All,Cheshire,Police Force Area,30,"5,193","5,230",5.74,0.6
Number of stops and searches carried out (excluding vehicle only searches),2009/10,Financial year,White Irish,ONS 2001 16+1,All,Essex,Police Force Area,60,"9,359","13,769",4.36,0.6
Number of stops and searches carried out (excluding vehicle only searches),2014/15,Financial year,Mixed White And Black African,ONS 2001 16+1,All,Hampshire,Police Force Area,39,"17,375","4,339",8.99,0.2
Number of stops and searches carried out (excluding vehicle only searches),2008/09,Financial year,White British,ONS 2001 16+1,All,West Mercia,Police Force Area,"10,655","12,043","1,135,987",9.38,88.5
Number of stops and searches carried out (excluding vehicle only searches),2012/13,Financial year,Other Inc Chinese,ONS 2001 5+1,All,Metropolitan Police,Police Force Area,"8,635","338,973","404,874",21.33,2.5
Number of stops and searches carried out (excluding vehicle only searches),2008/09,Financial year,Any Other Asian Background,ONS 2001 16+1,All,All - including BTP and excluding Greater Manchester,Police Force Area,5,"1,121,123","1,718",-,0.3
Number of stops and searches carried out (excluding vehicle only searches),2018/19,Financial year,Indian,ONS 2001 16+1,All,Staffordshire,Police Force Area,26,3280,8781,2.96,0.8
Number of stops and searches carried out (excluding vehicle only searches),2018/19,Financial year,Mixed White And Black African,ONS 2001 16+1,All,Metropolitan Police,Police Force Area,740,149592,65442,11.31,0.5
Number of stops and searches carried out (excluding vehicle only searches),2016/17,Financial year,White Irish,ONS 2001 16+1,All,Cheshire,Police Force Area,10,"2,004","6,589",1.52,0.5
Number of stops and searches carried out (excluding vehicle only searches),2018/19,Financial year,Mixed White And Black Caribbean,ONS 2001 16+1,All,All - including BTP and excluding Greater Manchester,Police Force Area,"4,891",316594,403584,12.12,1.5
Number of stops and searches carried out (excluding vehicle only searches),2014/15,Financial year,Chinese,ONS 2001 16+1,All,Bedfordshire,Police Force Area,7,"2,476","3,806",1.84,0.3
Number of stops and searches carried out (excluding vehicle only searches),2016/17,Financial year,All,All,All,Metropolitan Police,Police Force Area,"136,050","121,607","8,166,566",16.66,0.3
Number of stops and searches carried out (excluding vehicle only searches),2019/20,Financial year,Unreported,ONS 2011 18+1,All,Staffordshire,Police Force Area,599,"1,121,123","1,718",-,0.3
Number of stops and searches carried out (excluding vehicle only searches),2020/21,Financial year,Indian,ONS 2011 18+1,All,Humberside,Police Force Area,7,5813,3802,1.8,0.1
Number of stops and searches carried out (excluding vehicle only searches),2008/09,Financial year,Mixed White And Black African,ONS 2001 16+1,All,"London, City of",Police Force Area,38,"7,300","1,718",-,0.5
Number of stops and searches carried out (excluding vehicle only searches),2008/09,Financial year,Other Inc Chinese,ONS 2001 5+1,All,Gwent,Police Force Area,16,"6,859","3,569",4.48,0.2
Number of stops and searches carried out (excluding vehicle only searches),2016/17,Financial year,Black,ONS 2001 5+1,All,All - excluding BTP and Greater Manchester,Police Force Area,54503,263806,"1,790,793",30.44,20.7
Number of stops and searches carried out (excluding vehicle only searches),2011/12,Financial year,Mixed White And Black African,ONS 2001 16+1,All,West Mercia,Police Force Area,16,"10,340","1,247",12.83,0.2
Number of stops and searches carried out (excluding vehicle only searches),2010/11,Financial year,Unreported,ONS 2001 5+1,All,Northamptonshire,Police Force Area,167,"1,121,123","1,718",-,0.3
Number of stops and searches carried out (excluding vehicle only searches),2007/08,Financial year,All,All,All,Thames Valley,Police Force Area,"27,860","25,330","2,269,772",12.27,0.3
Number of stops and searches carried out (excluding vehicle only searches),2009/10,Financial year,Mixed White And Black African,ONS 2001 16+1,All,Bedfordshire,Police Force Area,26,"6,908","2,024",12.85,0.4
Number of stops and searches carried out (excluding vehicle only searches),2015/16,Financial year,Indian,ONS 2001 16+1,All,Warwickshire,Police Force Area,53,"3,235","16,435",3.22,1.6
Number of stops and searches carried out (excluding vehicle only searches),2013/14,Financial year,Any Other Black Background,ONS 2001 16+1,All,Avon & Somerset,Police Force Area,477,"23,728","7,504",63.57,2.0
Number of stops and searches carried out (excluding vehicle only searches),2011/12,Financial year,Any Other Black Background,ONS 2001 16+1,All,Cheshire,Police Force Area,36,"7,787",475,75.79,0.5
Number of stops and searches carried out (excluding vehicle only searches),2008/09,Financial year,Unreported,ONS 2001 5+1,All,Thames Valley,Police Force Area,"2,552","1,121,123","1,718",-,0.3
Number of stops and searches carried out (excluding vehicle only searches),2020/21,Financial year,Pakistani,ONS 2011 18+1,All,Thames Valley,Police Force Area,1640,14309,72863,22.5,11.5
Number of stops and searches carried out (excluding vehicle only searches),2007/08,Financial year,White,ONS 2001 5+1,All,Metropolitan Police,Police Force Area,"222,866","448,957","4,881,636",45.65,49.6
Number of stops and searches carried out (excluding vehicle only searches),2008/09,Financial year,Pakistani,ONS 2001 16+1,All,South Yorkshire,Police Force Area,"1,224","26,816","32,538",37.62,4.6
Number of stops and searches carried out (excluding vehicle only searches),2016/17,Financial year,All,All,All,Nottinghamshire,Police Force Area,"1,827","1,573","1,091,482",1.67,0.3
Number of stops and searches carried out (excluding vehicle only searches),2012/13,Financial year,Mixed White And Black African,ONS 2001 16+1,All,Hertfordshire,Police Force Area,81,"14,876","3,250",24.92,0.5
Number of stops and searches carried out (excluding vehicle only searches),2013/14,Financial year,Bangladeshi,ONS 2001 16+1,All,Thames Valley,Police Force Area,117,"20,760","7,787",15.03,0.6
Number of stops and searches carried out (excluding vehicle only searches),2014/15,Financial year,Unreported,ONS 2001 16+1,All,Cleveland,Police Force Area,37,"1,121,123","1,718",-,0.3
Number of stops and searches carried out (excluding vehicle only searches),2019/20,Financial year,Black African,ONS 2011 18+1,All,Leicestershire,Police Force Area,176,3384,14586,12.07,5.2
Number of stops and searches carried out (excluding vehicle only searches),2010/11,Financial year,Chinese,ONS 2001 16+1,All,Leicestershire,Police Force Area,10,"22,386","7,872",1.27,0.0
Number of stops and searches carried out (excluding vehicle only searches),2014/15,Financial year,Mixed White And Black Caribbean,ONS 2001 16+1,All,Lincolnshire,Police Force Area,4,"5,881","2,073",1.93,0.1
Number of stops and searches carried out (excluding vehicle only searches),2012/13,Financial year,Black Caribbean,ONS 2001 16+1,All,Bedfordshire,Police Force Area,434,"7,365","12,250",35.43,5.9
Number of stops and searches carried out (excluding vehicle only searches),2016/17,Financial year,Black African,ONS 2001 16+1,All,Gwent,Police Force Area,6,"1,310","1,803",3.33,0.5
Number of stops and searches carried out (excluding vehicle only searches),2011/12,Financial year,All,All,Section 60,All - excluding BTP,Police Force Area,"46,882","1,121,123","56,075,912",0.84,0.3
Number of stops and searches carried out (excluding vehicle only searches),2015/16,Financial year,Black,ONS 2001 5+1,All,Lincolnshire,Police Force Area,41,"3,812","2,561",16.01,1.1
Number of stops and searches carried out (excluding vehicle only searches),2015/16,Financial year,White Irish,ONS 2001 16+1,All,Greater Manchester,Police Force Area,33,"4,761","34,499",0.96,0.7
Number of stops and searches carried out (excluding vehicle only searches),2008/09,Financial year,Black Caribbean,ONS 2001 16+1,All,West Midlands,Police Force Area,"2,664","26,362","79,632",33.45,10.1
Number of stops and searches carried out (excluding vehicle only searches),2015/16,Financial year,Any Other Mixed/Multiple Ethnic Background,ONS 2001 16+1,All,Northumbria,Police Force Area,26,"7,055","2,771",9.38,0.4
Number of stops and searches carried out (excluding vehicle only searches),2016/17,Financial year,Any Other White Background,ONS 2001 16+1,All,West Mercia,Police Force Area,316,"4,829","34,201",9.24,6.5
Number of stops and searches carried out (excluding vehicle only searches),2017/18,Financial year,Unreported,ONS 2001 16+1,All,Dorset,Police Force Area,294,"1,121,123","1,718",-,0.3
Number of stops and searches carried out (excluding vehicle only searches),2009/10,Financial year,Mixed White And Black Caribbean,ONS 2001 16+1,All,Lincolnshire,Police Force Area,22,"10,521","2,073",10.61,0.2
Number of stops and searches carried out (excluding vehicle only searches),2010/11,Financial year,Black,ONS 2001 5+1,All,All - excluding BTP,Police Force Area,"207,051","1,220,198","1,864,890",111.03,17.0
Number of stops and searches carried out (excluding vehicle only searches),2017/18,Financial year,Any Other Ethnic Group,ONS 2001 16+1,All,Cambridgeshire,Police Force Area,4,775,"4,977",0.8,0.5
Number of stops and searches carried out (excluding vehicle only searches),2007/08,Financial year,Any Other White Background,ONS 2001 16+1,All,Lancashire,Police Force Area,164,"22,878","29,561",5.55,0.7
Number of stops and searches carried out (excluding vehicle only searches),2006/07,Financial year,Other Inc Chinese,ONS 2001 5+1,All,North Wales,Police Force Area,17,"14,537","4,450",3.82,0.1
Number of stops and searches carried out (excluding vehicle only searches),2012/13,Financial year,Black African,ONS 2001 16+1,All,"London, City of",Police Force Area,189,"2,645","1,718",-,7.1
Number of stops and searches carried out (excluding vehicle only searches),2012/13,Financial year,Asian,ONS 2001 5+1,All,Dyfed-Powys,Police Force Area,86,"13,125","4,274",20.12,0.7
Number of stops and searches carried out (excluding vehicle only searches),2010/11,Financial year,White British,ONS 2001 16+1,All,West Midlands,Police Force Area,"9,699","19,059","1,806,708",5.37,50.9
Number of stops and searches carried out (excluding vehicle only searches),2011/12,Financial year,Pakistani,ONS 2001 16+1,All,Suffolk,Police Force Area,8,"3,310",697,11.48,0.2
Number of stops and searches carried out (excluding vehicle only searches),2016/17,Financial year,Pakistani,ONS 2001 16+1,All,Greater Manchester,Police Force Area,226,"2,502","130,012",1.74,9.0
Number of stops and searches carried out (excluding vehicle only searches),2019/20,Financial year,Mixed,ONS 2011 5+1,All,Cumbria,Police Force Area,5,1867,2504,2,0.3
Number of stops and searches carried out (excluding vehicle only searches),2017/18,Financial year,Any Other Black Background,ONS 2001 16+1,All,Cheshire,Police Force Area,19,"1,889",475,40,1.0
Number of stops and searches carried out (excluding vehicle only searches),2018/19,Financial year,Mixed White And Asian,ONS 2001 16+1,All,Metropolitan Police,Police Force Area,462,149592,101389,4.56,0.3
Number of stops and searches carried out (excluding vehicle only searches),2013/14,Financial year,Unreported,ONS 2001 16+1,All,Leicestershire,Police Force Area,247,"1,121,123","1,718",-,0.3
Number of stops and searches carried out (excluding vehicle only searches),2012/13,Financial year,Indian,ONS 2001 16+1,All,"London, City of",Police Force Area,60,"2,645","1,718",-,2.3
Number of stops and searches carried out (excluding vehicle only searches),2015/16,Financial year,White Irish,ONS 2001 16+1,All,Durham,Police Force Area,5,"4,433","1,557",3.21,0.1
Number of stops and searches carried out (excluding vehicle only searches),2012/13,Financial year,Mixed,ONS 2001 5+1,All,West Yorkshire,Police Force Area,940,"39,304","48,126",19.53,2.4
Number of stops and searches carried out (excluding vehicle only searches),2011/12,Financial year,Mixed White And Black African,ONS 2001 16+1,All,Essex,Police Force Area,16,"3,629","4,212",3.8,0.4
Number of stops and searches carried out (excluding vehicle only searches),2016/17,Financial year,White British,ONS 2001 16+1,All,All - excluding BTP and Greater Manchester,Police Force Area,137733,263806,"42,992,999",3.2,52.2
Number of stops and searches carried out (excluding vehicle only searches),2016/17,Financial year,Indian,ONS 2001 16+1,All,Derbyshire,Police Force Area,5,"1,724","15,039",0.33,0.3
Number of stops and searches carried out (excluding vehicle only searches),2013/14,Financial year,Chinese,ONS 2001 16+1,All,Avon & Somerset,Police Force Area,26,"23,728","8,976",2.9,0.1
Number of stops and searches carried out (excluding vehicle only searches),2012/13,Financial year,Mixed White And Black Caribbean,ONS 2001 16+1,All,Avon & Somerset,Police Force Area,363,"29,588","11,737",30.93,1.2
Number of stops and searches carried out (excluding vehicle only searches),2020/21,Financial year,Asian,ONS 2011 5+1,All,Warwickshire,Police Force Area,205,2138,25096,8.2,9.6
Number of stops and searches carried out (excluding vehicle only searches),2020/21,Financial year,Unreported,ONS 2011 5+1,All,Devon & Cornwall,Police Force Area,2041,"1,121,123","1,718",-,0.3
Number of stops and searches carried out (excluding vehicle only searches),2020/21,Financial year,Pakistani,ONS 2011 18+1,All,Essex,Police Force Area,134,21622,5055,26.5,0.6
Number of stops and searches carried out (excluding vehicle only searches),2008/09,Financial year,Chinese,ONS 2001 16+1,All,Avon & Somerset,Police Force Area,6,"12,772","8,976",0.67,0.0
Number of stops and searches carried out (excluding vehicle only searches),2011/12,Financial year,Asian,ONS 2001 5+1,All,Durham,Police Force Area,23,"5,272","5,114",4.5,0.4
Number of stops and searches carried out (excluding vehicle only searches),2014/15,Financial year,Other Inc Chinese,ONS 2001 5+1,All,Cambridgeshire,Police Force Area,40,"5,715","12,572",3.18,0.7
Number of stops and searches carried out (excluding vehicle only searches),2013/14,Financial year,Other Inc Chinese,ONS 2001 5+1,All,Merseyside,Police Force Area,337,"35,855","21,529",15.65,0.9
Number of stops and searches carried out (excluding vehicle only searches),2017/18,Financial year,Other Inc Chinese,ONS 2001 5+1,All,Hampshire,Police Force Area,39,"7,207","20,911",1.87,0.5
Number of stops and searches carried out (excluding vehicle only searches),2012/13,Financial year,White,ONS 2001 5+1,All,British Transport Police,Police Force Area,"6,673","9,135","1,718",-,73.0
Number of stops and searches carried out (excluding vehicle only searches),2010/11,Financial year,White British,ONS 2001 16+1,All,Suffolk,Police Force Area,"2,905","3,356","661,458",4.39,86.6
Number of stops and searches carried out (excluding vehicle only searches),2011/12,Financial year,Pakistani,ONS 2001 16+1,All,Derbyshire,Police Force Area,491,"14,875","15,599",31.48,3.3
Number of stops and searches carried out (excluding vehicle only searches),2019/20,Financial year,Asian,ONS 2011 5+1,All,Bedfordshire,Police Force Area,506,2564,85286,5.93,19.7
Number of stops and searches carried out (excluding vehicle only searches),2007/08,Financial year,Any Other Asian Background,ONS 2001 16+1,All,Hampshire,Police Force Area,282,"24,400","23,768",11.86,1.2
Number of stops and searches carried out (excluding vehicle only searches),2016/17,Financial year,Asian,ONS 2001 5+1,All,Greater Manchester,Police Force Area,363,"2,502","246,094",1.48,14.5
Number of stops and searches carried out (excluding vehicle only searches),2008/09,Financial year,Unreported,ONS 2001 5+1,All,Nottinghamshire,Police Force Area,413,"1,121,123","1,718",-,0.3
Number of stops and searches carried out (excluding vehicle only searches),2012/13,Financial year,All,All,All,Staffordshire,Police Force Area,"19,140","18,950","1,097,497",17.44,0.3
Number of stops and searches carried out (excluding vehicle only searches),2013/14,Financial year,Any Other White Background,ONS 2001 16+1,All,Hertfordshire,Police Force Area,"1,782","22,302","58,229",30.6,8.0
Number of stops and searches carried out (excluding vehicle only searches),2006/07,Financial year,Other Inc Chinese,ONS 2001 5+1,All,Northumbria,Police Force Area,27,"33,759","17,871",1.51,0.1
Number of stops and searches carried out (excluding vehicle only searches),2019/20,Financial year,Black,ONS 2011 5+1,All,Bedfordshire,Police Force Area,298,2564,29725,10.03,11.6
Number of stops and searches carried out (excluding vehicle only searches),2016/17,Financial year,Pakistani,ONS 2001 16+1,All,Northumbria,Police Force Area,33,"3,695","8,754",3.77,0.9
Number of stops and searches carried out (excluding vehicle only searches),2017/18,Financial year,White,ONS 2001 5+1,All,Northumbria,Police Force Area,"2,603","2,857","1,343,747",1.94,91.1
Number of stops and searches carried out (excluding vehicle only searches),2020/21,Financial year,Any Other Ethnic Group,ONS 2011 18+1,All,"London, City of",Police Force Area,47,1537,"1,718",-,3.1
Number of stops and searches carried out (excluding vehicle only searches),2018/19,Financial year,Black,ONS 2001 5+1,All,Humberside,Police Force Area,47,1278,4499,10.45,3.7
Number of stops and searches carried out (excluding vehicle only searches),2006/07,Financial year,Unreported,ONS 2001 16+1,All,West Midlands,Police Force Area,"6,973","1,121,123","1,718",-,0.3
Number of stops and searches carried out (excluding vehicle only searches),2014/15,Financial year,Asian,ONS 2001 5+1,All,British Transport Police,Police Force Area,438,"5,725","1,718",-,7.7
Number of stops and searches carried out (excluding vehicle only searches),2014/15,Financial year,Asian,ONS 2001 5+1,All,Surrey,Police Force Area,656,"10,029","54,037",12.14,6.5
Number of stops and searches carried out (excluding vehicle only searches),2015/16,Financial year,White British,ONS 2001 16+1,All,Cambridgeshire,Police Force Area,"1,797","2,836","654,849",2.74,63.4
Number of stops and searches carried out (excluding vehicle only searches),2011/12,Financial year,Mixed,ONS 2001 5+1,All,Northamptonshire,Police Force Area,270,"8,453","14,182",19.04,3.2
Number of stops and searches carried out (excluding vehicle only searches),2009/10,Financial year,Chinese,ONS 2001 16+1,All,Leicestershire,Police Force Area,10,"23,349","7,872",1.27,0.0
Number of stops and searches carried out (excluding vehicle only searches),2020/21,Financial year,Mixed White And Black Caribbean,ONS 2011 18+1,All,"London, City of",Police Force Area,22,1537,"1,718",-,1.4
Number of stops and searches carried out (excluding vehicle only searches),2018/19,Financial year,Black Caribbean,ONS 2001 16+1,All,Dorset,Police Force Area,74,2071,794,93.2,3.6
Number of stops and searches carried out (excluding vehicle only searches),2011/12,Financial year,Any Other Asian Background,ONS 2001 16+1,All,Cumbria,Police Force Area,23,"13,685","1,219",18.87,0.2
Number of stops and searches carried out (excluding vehicle only searches),2014/15,Financial year,Any Other Ethnic Group,ONS 2001 16+1,All,Dyfed-Powys,Police Force Area,3,"5,156","1,012",2.96,0.1
Number of stops and searches carried out (excluding vehicle only searches),2016/17,Financial year,White,ONS 2001 5+1,All,South Wales,Police Force Area,"4,355","4,851","1,198,458",3.63,89.8
Number of stops and searches carried out (excluding vehicle only searches),2014/15,Financial year,White British,ONS 2001 16+1,All,Essex,Police Force Area,"3,515","4,835","1,543,600",2.28,72.7
Number of stops and searches carried out (excluding vehicle only searches),2012/13,Financial year,Asian,ONS 2001 5+1,All,Devon & Cornwall,Police Force Area,94,"13,107","11,694",8.04,0.7
Number of stops and searches carried out (excluding vehicle only searches),2019/20,Financial year,Any Other White Background,ONS 2011 18+1,All,Warwickshire,Police Force Area,138,1530,17371,7.94,9.0
Number of stops and searches carried out (excluding vehicle only searches),2011/12,Financial year,Any Other Asian Background,ONS 2001 16+1,All,Derbyshire,Police Force Area,119,"14,875","5,346",22.26,0.8
Number of stops and searches carried out (excluding vehicle only searches),2007/08,Financial year,Any Other Black Background,ONS 2001 16+1,All,Derbyshire,Police Force Area,31,"7,999","1,073",28.89,0.4
Number of stops and searches carried out (excluding vehicle only searches),2019/20,Financial year,Black African,ONS 2011 18+1,All,Greater Manchester,Police Force Area,193,2369,44691,4.32,8.1
Number of stops and searches carried out (excluding vehicle only searches),2009/10,Financial year,Black Caribbean,ONS 2001 16+1,All,Staffordshire,Police Force Area,120,"7,655","3,280",36.59,1.6
Number of stops and searches carried out (excluding vehicle only searches),2010/11,Financial year,Pakistani,ONS 2001 16+1,All,Leicestershire,Police Force Area,358,"22,386","10,204",35.08,1.6
Number of stops and searches carried out (excluding vehicle only searches),2018/19,Financial year,Bangladeshi,ONS 2001 16+1,All,Durham,Police Force Area,2,1711,764,2.62,0.1
Number of stops and searches carried out (excluding vehicle only searches),2012/13,Financial year,Bangladeshi,ONS 2001 16+1,All,West Midlands,Police Force Area,391,"31,249","48,727",8.02,1.3
Number of stops and searches carried out (excluding vehicle only searches),2011/12,Financial year,Mixed White And Asian,ONS 2001 16+1,All,Thames Valley,Police Force Area,161,"23,604","18,042",8.92,0.7
Number of stops and searches carried out (excluding vehicle only searches),2016/17,Financial year,Mixed White And Black African,ONS 2001 16+1,All,Lancashire,Police Force Area,3,"3,074","1,705",1.76,0.1
Number of stops and searches carried out (excluding vehicle only searches),2014/15,Financial year,Black Caribbean,ONS 2001 16+1,All,Thames Valley,Police Force Area,578,"16,476","19,245",30.03,3.5
Number of stops and searches carried out (excluding vehicle only searches),2008/09,Financial year,Any Other White Background,ONS 2001 16+1,All,Nottinghamshire,Police Force Area,31,"4,556","34,621",0.9,0.7
Number of stops and searches carried out (excluding vehicle only searches),2012/13,Financial year,White Irish,ONS 2001 16+1,All,Lancashire,Police Force Area,88,"18,152","8,948",9.83,0.5
Number of stops and searches carried out (excluding vehicle only searches),2020/21,Financial year,Unreported,ONS 2011 18+1,All,Hertfordshire,Police Force Area,1609,"1,121,123","1,718",-,0.3
Number of stops and searches carried out (excluding vehicle only searches),2018/19,Financial year,Bangladeshi,ONS 2001 16+1,All,All - including BTP,Police Force Area,9612,320808,447201,21.49,3.0
Number of stops and searches carried out (excluding vehicle only searches),2014/15,Financial year,White Irish,ONS 2001 16+1,All,Devon & Cornwall,Police Force Area,15,"8,010","6,948",2.16,0.2
Number of stops and searches carried out (excluding vehicle only searches),2011/12,Financial year,White Irish,ONS 2001 16+1,All,South Yorkshire,Police Force Area,63,"17,674","5,417",11.63,0.4
Number of stops and searches carried out (excluding vehicle only searches),2019/20,Financial year,Any Other Ethnic Group,ONS 2011 18+1,All,Cheshire,Police Force Area,15,3352,1185,12.66,0.4
Number of stops and searches carried out (excluding vehicle only searches),2016/17,Financial year,Mixed White And Asian,ONS 2001 16+1,All,All - excluding BTP,Police Force Area,894,"266,308","341,727",2.62,0.3
Number of stops and searches carried out (excluding vehicle only searches),2008/09,Financial year,Bangladeshi,ONS 2001 16+1,All,West Mercia,Police Force Area,33,"12,043","1,718",19.21,0.3
Number of stops and searches carried out (excluding vehicle only searches),2014/15,Financial year,Any Other Asian Background,ONS 2001 16+1,All,Hertfordshire,Police Force Area,233,"10,429","17,361",13.42,2.2
Number of stops and searches carried out (excluding vehicle only searches),2020/21,Financial year,Arab,ONS 2011 18+1,All,Essex,Police Force Area,1,21622,2593,0.4,0.0
Number of stops and searches carried out (excluding vehicle only searches),2010/11,Financial year,Any Other Black Background,ONS 2001 16+1,All,Northumbria,Police Force Area,42,"43,441",608,69.08,0.1
Number of stops and searches carried out (excluding vehicle only searches),2018/19,Financial year,Unreported,ONS 2001 16+1,All,Gloucestershire,Police Force Area,62,"1,121,123","1,718",-,0.3
Number of stops and searches carried out (excluding vehicle only searches),2014/15,Financial year,Bangladeshi,ONS 2001 16+1,All,Cambridgeshire,Police Force Area,81,"5,715","2,791",29.02,1.4
Number of stops and searches carried out (excluding vehicle only searches),2006/07,Financial year,Unreported,ONS 2001 5+1,All,Cumbria,Police Force Area,150,"1,121,123","1,718",-,0.3
Number of stops and searches carried out (excluding vehicle only searches),2016/17,Financial year,Any Other Asian Background,ONS 2001 16+1,All,Cumbria,Police Force Area,7,"1,755","1,219",5.74,0.4
Number of stops and searches carried out (excluding vehicle only searches),2020/21,Financial year,Any Other Mixed/Multiple Ethnic Background,ONS 2011 18+1,All,Avon & Somerset,Police Force Area,99,7635,5936,16.7,1.3
Number of stops and searches carried out (excluding vehicle only searches),2013/14,Financial year,Black Caribbean,ONS 2001 16+1,All,Leicestershire,Police Force Area,124,"4,376","6,276",19.76,2.8
Number of stops and searches carried out (excluding vehicle only searches),2007/08,Financial year,Indian,ONS 2001 16+1,All,"London, City of",Police Force Area,254,"7,581","1,718",-,3.4
Number of stops and searches carried out (excluding vehicle only searches),2007/08,Financial year,Chinese,ONS 2001 16+1,All,West Yorkshire,Police Force Area,96,"48,392","10,783",8.9,0.2
