source_table,source_row,source_column,occurrence_count,merged_row_indices,error_type
UK_CSV0000000000026508,0,legislationtype,1,0,RANDOM_TYPO
UK_CSV0000000000026508,0,geographytype,1,0,RANDOM_TYPO
UK_CSV0000000000026508,0,rateper_one_zero_zero_zeropopulationbyethnicity,1,0,RANDOM_TYPO
UK_CSV0000000000026508,1,timetype,1,1,RANDOM_TYPO
UK_CSV0000000000026508,1,totalnumberofstopandsearchcarriedoutinthisyearinth,1,1,RANDOM_TYPO
UK_CSV0000000000026508,1,populationbyethnicity,1,1,RANDOM_TYPO
UK_CSV0000000000026508,2,measure,1,2,RANDOM_TYPO
UK_CSV0000000000026508,2,populationbyethnicity,1,2,RANDOM_TYPO
UK_CSV0000000000026508,2,rateper_one_zero_zero_zeropopulationbyethnicity,1,2,RANDOM_TYPO
UK_CSV0000000000026508,3,legislationtype,1,3,RANDOM_TYPO
UK_CSV0000000000026508,3,geographytype,1,3,RANDOM_TYPO
UK_CSV0000000000026508,3,numberofstopandsearches,1,3,RANDOM_TYPO
UK_CSV0000000000026508,4,measure,1,4,RANDOM_TYPO
UK_CSV0000000000026508,4,legislationtype,1,4,RANDOM_TYPO
UK_CSV0000000000026508,4,numberofstopandsearches,1,4,RANDOM_TYPO
UK_CSV0000000000026508,5,ethnicity,1,5,RANDOM_TYPO
UK_CSV0000000000026508,5,legislationtype,1,5,RANDOM_TYPO
UK_CSV0000000000026508,5,rateper_one_zero_zero_zeropopulationbyethnicity,1,5,RANDOM_TYPO
UK_CSV0000000000026508,6,measure,1,6,RANDOM_TYPO
UK_CSV0000000000026508,7,measure,1,7,RANDOM_TYPO
UK_CSV0000000000026508,7,timetype,1,7,RANDOM_TYPO
UK_CSV0000000000026508,7,geographytype,1,7,RANDOM_TYPO
UK_CSV0000000000026508,7,totalnumberofstopandsearchcarriedoutinthisyearinth,1,7,RANDOM_TYPO
UK_CSV0000000000026508,8,timevalue,1,8,RANDOM_TYPO
UK_CSV0000000000026508,8,ethnicitytype,1,8,RANDOM_TYPO
UK_CSV0000000000026508,9,rateper_one_zero_zero_zeropopulationbyethnicity,1,9,RANDOM_TYPO
UK_CSV0000000000026508,10,timetype,1,10,RANDOM_TYPO
UK_CSV0000000000026508,10,populationbyethnicity,1,10,RANDOM_TYPO
UK_CSV0000000000026508,11,timevalue,1,11,RANDOM_TYPO
UK_CSV0000000000026508,11,timetype,1,11,RANDOM_TYPO
UK_CSV0000000000026508,11,ethnicitytype,1,11,RANDOM_TYPO
UK_CSV0000000000026508,11,numberofstopandsearches,1,11,RANDOM_TYPO
UK_CSV0000000000026508,11,populationbyethnicity,1,11,RANDOM_TYPO
UK_CSV0000000000026508,11,rateper_one_zero_zero_zeropopulationbyethnicity,1,11,RANDOM_TYPO
UK_CSV0000000000026508,12,timevalue,1,12,RANDOM_TYPO
UK_CSV0000000000026508,12,geographytype,1,12,RANDOM_TYPO
UK_CSV0000000000026508,12,numberofstopandsearches,1,12,RANDOM_TYPO
UK_CSV0000000000026508,13,timetype,1,13,RANDOM_TYPO
UK_CSV0000000000026508,13,legislationtype,1,13,RANDOM_TYPO
UK_CSV0000000000026508,13,geographytype,1,13,RANDOM_TYPO
UK_CSV0000000000026508,13,rateper_one_zero_zero_zeropopulationbyethnicity,1,13,RANDOM_TYPO
UK_CSV0000000000026508,14,timevalue,1,14,RANDOM_TYPO
UK_CSV0000000000026508,14,geographytype,1,14,RANDOM_TYPO
UK_CSV0000000000026508,14,numberofstopandsearches,1,14,RANDOM_TYPO
UK_CSV0000000000026508,14,totalnumberofstopandsearchcarriedoutinthisyearinth,1,14,RANDOM_TYPO
UK_CSV0000000000026508,15,timevalue,1,15,RANDOM_TYPO
UK_CSV0000000000026508,15,ethnicitytype,1,15,RANDOM_TYPO
UK_CSV0000000000026508,15,geography,1,15,RANDOM_TYPO
UK_CSV0000000000026508,15,geographytype,1,15,RANDOM_TYPO
UK_CSV0000000000026508,15,numberofstopandsearches,1,15,RANDOM_TYPO
UK_CSV0000000000026508,16,numberofstopandsearches,1,16,RANDOM_TYPO
UK_CSV0000000000026508,16,totalnumberofstopandsearchcarriedoutinthisyearinth,1,16,RANDOM_TYPO
UK_CSV0000000000026508,17,ethnicity,1,17,RANDOM_TYPO
UK_CSV0000000000026508,17,numberofstopandsearches,1,17,RANDOM_TYPO
UK_CSV0000000000026508,17,totalnumberofstopandsearchcarriedoutinthisyearinth,1,17,RANDOM_TYPO
UK_CSV0000000000026508,17,rateper_one_zero_zero_zeropopulationbyethnicity,1,17,RANDOM_TYPO
UK_CSV0000000000026508,18,measure,1,18,RANDOM_TYPO
UK_CSV0000000000026508,18,timevalue,1,18,RANDOM_TYPO
UK_CSV0000000000026508,18,ethnicity,1,18,RANDOM_TYPO
UK_CSV0000000000026508,18,numberofstopandsearches,1,18,RANDOM_TYPO
UK_CSV0000000000026508,18,populationbyethnicity,1,18,RANDOM_TYPO
UK_CSV0000000000026508,19,geography,1,19,RANDOM_TYPO
UK_CSV0000000000026508,19,totalnumberofstopandsearchcarriedoutinthisyearinth,1,19,RANDOM_TYPO
UK_CSV0000000000026508,19,rateper_one_zero_zero_zeropopulationbyethnicity,1,19,RANDOM_TYPO
UK_CSV0000000000026508,20,timetype,1,20,RANDOM_TYPO
UK_CSV0000000000026508,20,ethnicity,1,20,RANDOM_TYPO
UK_CSV0000000000026508,20,geography,1,20,RANDOM_TYPO
UK_CSV0000000000026508,20,populationbyethnicity,1,20,RANDOM_TYPO
UK_CSV0000000000026508,21,measure,1,21,RANDOM_TYPO
UK_CSV0000000000026508,21,timevalue,1,21,RANDOM_TYPO
UK_CSV0000000000026508,21,timetype,1,21,RANDOM_TYPO
UK_CSV0000000000026508,21,populationbyethnicity,1,21,RANDOM_TYPO
UK_CSV0000000000026508,21,rateper_one_zero_zero_zeropopulationbyethnicity,1,21,RANDOM_TYPO
UK_CSV0000000000026508,22,legislationtype,1,22,RANDOM_TYPO
UK_CSV0000000000026508,22,numberofstopandsearches,1,22,RANDOM_TYPO
UK_CSV0000000000026508,23,measure,1,23,RANDOM_TYPO
UK_CSV0000000000026508,23,timevalue,1,23,RANDOM_TYPO
UK_CSV0000000000026508,23,timetype,1,23,RANDOM_TYPO
UK_CSV0000000000026508,23,legislationtype,1,23,RANDOM_TYPO
UK_CSV0000000000026508,23,numberofstopandsearches,1,23,RANDOM_TYPO
UK_CSV0000000000026508,23,totalnumberofstopandsearchcarriedoutinthisyearinth,1,23,RANDOM_TYPO
UK_CSV0000000000026508,24,timevalue,1,24,RANDOM_TYPO
UK_CSV0000000000026508,24,geography,1,24,RANDOM_TYPO
UK_CSV0000000000026508,24,numberofstopandsearches,1,24,RANDOM_TYPO
UK_CSV0000000000026508,25,timevalue,1,25,RANDOM_TYPO
UK_CSV0000000000026508,25,geography,1,25,RANDOM_TYPO
UK_CSV0000000000026508,25,numberofstopandsearches,1,25,RANDOM_TYPO
UK_CSV0000000000026508,26,legislationtype,1,26,RANDOM_TYPO
UK_CSV0000000000026508,26,geography,1,26,RANDOM_TYPO
UK_CSV0000000000026508,26,geographytype,1,26,RANDOM_TYPO
UK_CSV0000000000026508,26,numberofstopandsearches,1,26,RANDOM_TYPO
UK_CSV0000000000026508,26,populationbyethnicity,1,26,RANDOM_TYPO
UK_CSV0000000000026508,27,ethnicity,1,27,RANDOM_TYPO
UK_CSV0000000000026508,27,numberofstopandsearches,1,27,RANDOM_TYPO
UK_CSV0000000000026508,28,timevalue,1,28,RANDOM_TYPO
UK_CSV0000000000026508,28,timetype,1,28,RANDOM_TYPO
UK_CSV0000000000026508,28,rateper_one_zero_zero_zeropopulationbyethnicity,1,28,RANDOM_TYPO
UK_CSV0000000000026508,29,legislationtype,1,29,RANDOM_TYPO
UK_CSV0000000000026508,30,timevalue,1,30,RANDOM_TYPO
UK_CSV0000000000026508,30,geography,1,30,RANDOM_TYPO
UK_CSV0000000000026508,30,rateper_one_zero_zero_zeropopulationbyethnicity,1,30,RANDOM_TYPO
UK_CSV0000000000026508,31,ethnicitytype,1,31,RANDOM_TYPO
UK_CSV0000000000026508,31,legislationtype,1,31,RANDOM_TYPO
UK_CSV0000000000026508,31,numberofstopandsearches,1,31,RANDOM_TYPO
UK_CSV0000000000026508,31,populationbyethnicity,1,31,RANDOM_TYPO
UK_CSV0000000000026508,32,ethnicity,1,32,RANDOM_TYPO
UK_CSV0000000000026508,32,ethnicitytype,1,32,RANDOM_TYPO
UK_CSV0000000000026508,32,geography,1,32,RANDOM_TYPO
UK_CSV0000000000026508,32,geographytype,1,32,RANDOM_TYPO
UK_CSV0000000000026508,32,totalnumberofstopandsearchcarriedoutinthisyearinth,1,32,RANDOM_TYPO
UK_CSV0000000000026508,33,measure,1,33,RANDOM_TYPO
UK_CSV0000000000026508,33,timevalue,1,33,RANDOM_TYPO
UK_CSV0000000000026508,33,ethnicity,1,33,RANDOM_TYPO
UK_CSV0000000000026508,33,ethnicitytype,1,33,RANDOM_TYPO
UK_CSV0000000000026508,33,geographytype,1,33,RANDOM_TYPO
UK_CSV0000000000026508,34,ethnicity,1,34,RANDOM_TYPO
UK_CSV0000000000026508,34,ethnicitytype,1,34,RANDOM_TYPO
UK_CSV0000000000026508,34,numberofstopandsearches,1,34,RANDOM_TYPO
UK_CSV0000000000026508,34,rateper_one_zero_zero_zeropopulationbyethnicity,1,34,RANDOM_TYPO
UK_CSV0000000000026508,35,ethnicity,1,35,RANDOM_TYPO
UK_CSV0000000000026508,35,legislationtype,1,35,RANDOM_TYPO
UK_CSV0000000000026508,35,geography,1,35,RANDOM_TYPO
UK_CSV0000000000026508,36,timetype,1,36,RANDOM_TYPO
UK_CSV0000000000026508,36,geographytype,1,36,RANDOM_TYPO
UK_CSV0000000000026508,36,rateper_one_zero_zero_zeropopulationbyethnicity,1,36,RANDOM_TYPO
UK_CSV0000000000026508,37,timevalue,1,37,RANDOM_TYPO
UK_CSV0000000000026508,37,timetype,1,37,RANDOM_TYPO
UK_CSV0000000000026508,37,geography,1,37,RANDOM_TYPO
UK_CSV0000000000026508,37,geographytype,1,37,RANDOM_TYPO
UK_CSV0000000000026508,38,ethnicitytype,1,38,RANDOM_TYPO
UK_CSV0000000000026508,38,geography,1,38,RANDOM_TYPO
UK_CSV0000000000026508,39,ethnicity,1,39,RANDOM_TYPO
UK_CSV0000000000026508,39,geography,1,39,RANDOM_TYPO
UK_CSV0000000000026508,39,populationbyethnicity,1,39,RANDOM_TYPO
UK_CSV0000000000026508,40,measure,1,40,RANDOM_TYPO
UK_CSV0000000000026508,40,ethnicity,1,40,RANDOM_TYPO
UK_CSV0000000000026508,40,geography,1,40,RANDOM_TYPO
UK_CSV0000000000026508,40,totalnumberofstopandsearchcarriedoutinthisyearinth,1,40,RANDOM_TYPO
UK_CSV0000000000026508,40,rateper_one_zero_zero_zeropopulationbyethnicity,1,40,RANDOM_TYPO
UK_CSV0000000000026508,41,measure,1,41,RANDOM_TYPO
UK_CSV0000000000026508,41,timetype,1,41,RANDOM_TYPO
UK_CSV0000000000026508,41,populationbyethnicity,1,41,RANDOM_TYPO
UK_CSV0000000000026508,42,legislationtype,1,42,RANDOM_TYPO
UK_CSV0000000000026508,42,geography,1,42,RANDOM_TYPO
UK_CSV0000000000026508,42,geographytype,1,42,RANDOM_TYPO
UK_CSV0000000000026508,43,measure,1,43,RANDOM_TYPO
UK_CSV0000000000026508,43,geography,1,43,RANDOM_TYPO
UK_CSV0000000000026508,44,legislationtype,1,44,RANDOM_TYPO
UK_CSV0000000000026508,45,timetype,1,45,RANDOM_TYPO
UK_CSV0000000000026508,45,ethnicity,1,45,RANDOM_TYPO
UK_CSV0000000000026508,45,geography,1,45,RANDOM_TYPO
UK_CSV0000000000026508,45,geographytype,1,45,RANDOM_TYPO
UK_CSV0000000000026508,45,numberofstopandsearches,1,45,RANDOM_TYPO
UK_CSV0000000000026508,45,totalnumberofstopandsearchcarriedoutinthisyearinth,1,45,RANDOM_TYPO
UK_CSV0000000000026508,45,rateper_one_zero_zero_zeropopulationbyethnicity,1,45,RANDOM_TYPO
UK_CSV0000000000026508,46,ethnicitytype,1,46,RANDOM_TYPO
UK_CSV0000000000026508,46,legislationtype,1,46,RANDOM_TYPO
UK_CSV0000000000026508,46,populationbyethnicity,1,46,RANDOM_TYPO
UK_CSV0000000000026508,48,measure,1,48,RANDOM_TYPO
UK_CSV0000000000026508,48,timevalue,1,48,RANDOM_TYPO
UK_CSV0000000000026508,48,timetype,1,48,RANDOM_TYPO
UK_CSV0000000000026508,48,totalnumberofstopandsearchcarriedoutinthisyearinth,1,48,RANDOM_TYPO
UK_CSV0000000000026508,49,timetype,1,49,RANDOM_TYPO
UK_CSV0000000000026508,49,numberofstopandsearches,1,49,RANDOM_TYPO
UK_CSV0000000000026508,49,totalnumberofstopandsearchcarriedoutinthisyearinth,1,49,RANDOM_TYPO
UK_CSV0000000000026508,50,populationbyethnicity,1,50,RANDOM_TYPO
UK_CSV0000000000026508,50,rateper_one_zero_zero_zeropopulationbyethnicity,1,50,RANDOM_TYPO
UK_CSV0000000000026508,51,timevalue,1,51,RANDOM_TYPO
UK_CSV0000000000026508,51,ethnicitytype,1,51,RANDOM_TYPO
UK_CSV0000000000026508,51,geography,1,51,RANDOM_TYPO
UK_CSV0000000000026508,51,geographytype,1,51,RANDOM_TYPO
UK_CSV0000000000026508,51,populationbyethnicity,1,51,RANDOM_TYPO
UK_CSV0000000000026508,52,ethnicitytype,1,52,RANDOM_TYPO
UK_CSV0000000000026508,52,geography,1,52,RANDOM_TYPO
UK_CSV0000000000026508,52,geographytype,1,52,RANDOM_TYPO
UK_CSV0000000000026508,52,totalnumberofstopandsearchcarriedoutinthisyearinth,1,52,RANDOM_TYPO
UK_CSV0000000000026508,53,timetype,1,53,RANDOM_TYPO
UK_CSV0000000000026508,53,geographytype,1,53,RANDOM_TYPO
UK_CSV0000000000026508,53,populationbyethnicity,1,53,RANDOM_TYPO
UK_CSV0000000000026508,53,rateper_one_zero_zero_zeropopulationbyethnicity,1,53,RANDOM_TYPO
UK_CSV0000000000026508,54,timetype,1,54,RANDOM_TYPO
UK_CSV0000000000026508,54,ethnicity,1,54,RANDOM_TYPO
UK_CSV0000000000026508,54,legislationtype,1,54,RANDOM_TYPO
UK_CSV0000000000026508,55,timetype,1,55,RANDOM_TYPO
UK_CSV0000000000026508,55,ethnicitytype,1,55,RANDOM_TYPO
UK_CSV0000000000026508,55,geography,1,55,RANDOM_TYPO
UK_CSV0000000000026508,55,geographytype,1,55,RANDOM_TYPO
UK_CSV0000000000026508,55,numberofstopandsearches,1,55,RANDOM_TYPO
UK_CSV0000000000026508,55,populationbyethnicity,1,55,RANDOM_TYPO
UK_CSV0000000000026508,56,ethnicity,1,56,RANDOM_TYPO
UK_CSV0000000000026508,56,totalnumberofstopandsearchcarriedoutinthisyearinth,1,56,RANDOM_TYPO
UK_CSV0000000000026508,57,timevalue,1,57,RANDOM_TYPO
UK_CSV0000000000026508,57,ethnicitytype,1,57,RANDOM_TYPO
UK_CSV0000000000026508,57,geographytype,1,57,RANDOM_TYPO
UK_CSV0000000000026508,57,numberofstopandsearches,1,57,RANDOM_TYPO
UK_CSV0000000000026508,58,timevalue,1,58,RANDOM_TYPO
UK_CSV0000000000026508,58,legislationtype,1,58,RANDOM_TYPO
UK_CSV0000000000026508,58,geographytype,1,58,RANDOM_TYPO
UK_CSV0000000000026508,58,numberofstopandsearches,1,58,RANDOM_TYPO
UK_CSV0000000000026508,58,totalnumberofstopandsearchcarriedoutinthisyearinth,1,58,RANDOM_TYPO
UK_CSV0000000000026508,59,timevalue,1,59,RANDOM_TYPO
UK_CSV0000000000026508,59,timetype,1,59,RANDOM_TYPO
UK_CSV0000000000026508,59,ethnicity,1,59,RANDOM_TYPO
UK_CSV0000000000026508,59,legislationtype,1,59,RANDOM_TYPO
UK_CSV0000000000026508,59,rateper_one_zero_zero_zeropopulationbyethnicity,1,59,RANDOM_TYPO
UK_CSV0000000000026508,60,ethnicitytype,1,60,RANDOM_TYPO
UK_CSV0000000000026508,60,populationbyethnicity,1,60,RANDOM_TYPO
UK_CSV0000000000026508,61,timetype,1,61,RANDOM_TYPO
UK_CSV0000000000026508,61,ethnicitytype,1,61,RANDOM_TYPO
UK_CSV0000000000026508,62,measure,1,62,RANDOM_TYPO
UK_CSV0000000000026508,62,ethnicity,1,62,RANDOM_TYPO
UK_CSV0000000000026508,62,totalnumberofstopandsearchcarriedoutinthisyearinth,1,62,RANDOM_TYPO
UK_CSV0000000000026508,63,ethnicity,1,63,RANDOM_TYPO
UK_CSV0000000000026508,63,ethnicitytype,1,63,RANDOM_TYPO
UK_CSV0000000000026508,63,geography,1,63,RANDOM_TYPO
UK_CSV0000000000026508,63,numberofstopandsearches,1,63,RANDOM_TYPO
UK_CSV0000000000026508,64,timetype,1,64,RANDOM_TYPO
UK_CSV0000000000026508,64,ethnicity,1,64,RANDOM_TYPO
UK_CSV0000000000026508,64,totalnumberofstopandsearchcarriedoutinthisyearinth,1,64,RANDOM_TYPO
UK_CSV0000000000026508,65,measure,1,65,RANDOM_TYPO
UK_CSV0000000000026508,65,legislationtype,1,65,RANDOM_TYPO
UK_CSV0000000000026508,65,geographytype,1,65,RANDOM_TYPO
UK_CSV0000000000026508,65,populationbyethnicity,1,65,RANDOM_TYPO
UK_CSV0000000000026508,65,rateper_one_zero_zero_zeropopulationbyethnicity,1,65,RANDOM_TYPO
UK_CSV0000000000026508,66,timevalue,1,66,RANDOM_TYPO
UK_CSV0000000000026508,66,geography,1,66,RANDOM_TYPO
UK_CSV0000000000026508,66,populationbyethnicity,1,66,RANDOM_TYPO
UK_CSV0000000000026508,67,measure,1,67,RANDOM_TYPO
UK_CSV0000000000026508,67,timevalue,1,67,RANDOM_TYPO
UK_CSV0000000000026508,67,ethnicity,1,67,RANDOM_TYPO
UK_CSV0000000000026508,67,ethnicitytype,1,67,RANDOM_TYPO
UK_CSV0000000000026508,68,measure,1,68,RANDOM_TYPO
UK_CSV0000000000026508,68,timevalue,1,68,RANDOM_TYPO
UK_CSV0000000000026508,68,ethnicity,1,68,RANDOM_TYPO
UK_CSV0000000000026508,68,ethnicitytype,1,68,RANDOM_TYPO
UK_CSV0000000000026508,69,geographytype,1,69,RANDOM_TYPO
UK_CSV0000000000026508,69,totalnumberofstopandsearchcarriedoutinthisyearinth,1,69,RANDOM_TYPO
UK_CSV0000000000026508,69,rateper_one_zero_zero_zeropopulationbyethnicity,1,69,RANDOM_TYPO
UK_CSV0000000000026508,70,timetype,1,70,RANDOM_TYPO
UK_CSV0000000000026508,70,legislationtype,1,70,RANDOM_TYPO
UK_CSV0000000000026508,70,geography,1,70,RANDOM_TYPO
UK_CSV0000000000026508,70,geographytype,1,70,RANDOM_TYPO
UK_CSV0000000000026508,70,totalnumberofstopandsearchcarriedoutinthisyearinth,1,70,RANDOM_TYPO
UK_CSV0000000000026508,71,ethnicitytype,1,71,RANDOM_TYPO
UK_CSV0000000000026508,71,legislationtype,1,71,RANDOM_TYPO
UK_CSV0000000000026508,71,totalnumberofstopandsearchcarriedoutinthisyearinth,1,71,RANDOM_TYPO
UK_CSV0000000000026508,72,ethnicity,1,72,RANDOM_TYPO
UK_CSV0000000000026508,72,geography,1,72,RANDOM_TYPO
UK_CSV0000000000026508,72,totalnumberofstopandsearchcarriedoutinthisyearinth,1,72,RANDOM_TYPO
UK_CSV0000000000026508,73,measure,1,73,RANDOM_TYPO
UK_CSV0000000000026508,73,ethnicity,1,73,RANDOM_TYPO
UK_CSV0000000000026508,73,ethnicitytype,1,73,RANDOM_TYPO
UK_CSV0000000000026508,73,legislationtype,1,73,RANDOM_TYPO
UK_CSV0000000000026508,73,geography,1,73,RANDOM_TYPO
UK_CSV0000000000026508,73,geographytype,1,73,RANDOM_TYPO
UK_CSV0000000000026508,73,numberofstopandsearches,1,73,RANDOM_TYPO
UK_CSV0000000000026508,73,totalnumberofstopandsearchcarriedoutinthisyearinth,1,73,RANDOM_TYPO
UK_CSV0000000000026508,74,populationbyethnicity,1,74,RANDOM_TYPO
UK_CSV0000000000026508,75,measure,1,75,RANDOM_TYPO
UK_CSV0000000000026508,75,timevalue,1,75,RANDOM_TYPO
UK_CSV0000000000026508,76,ethnicity,1,76,RANDOM_TYPO
UK_CSV0000000000026508,76,geographytype,1,76,RANDOM_TYPO
UK_CSV0000000000026508,76,totalnumberofstopandsearchcarriedoutinthisyearinth,1,76,RANDOM_TYPO
UK_CSV0000000000026508,77,timevalue,1,77,RANDOM_TYPO
UK_CSV0000000000026508,77,ethnicity,1,77,RANDOM_TYPO
UK_CSV0000000000026508,77,legislationtype,1,77,RANDOM_TYPO
UK_CSV0000000000026508,77,geography,1,77,RANDOM_TYPO
UK_CSV0000000000026508,77,populationbyethnicity,1,77,RANDOM_TYPO
UK_CSV0000000000026508,78,measure,1,78,RANDOM_TYPO
UK_CSV0000000000026508,78,geographytype,1,78,RANDOM_TYPO
UK_CSV0000000000026508,79,timevalue,1,79,RANDOM_TYPO
UK_CSV0000000000026508,79,totalnumberofstopandsearchcarriedoutinthisyearinth,1,79,RANDOM_TYPO
UK_CSV0000000000026508,79,rateper_one_zero_zero_zeropopulationbyethnicity,1,79,RANDOM_TYPO
UK_CSV0000000000026508,80,ethnicitytype,1,80,RANDOM_TYPO
UK_CSV0000000000026508,81,measure,1,81,RANDOM_TYPO
UK_CSV0000000000026508,81,timetype,1,81,RANDOM_TYPO
UK_CSV0000000000026508,81,legislationtype,1,81,RANDOM_TYPO
UK_CSV0000000000026508,82,measure,1,82,RANDOM_TYPO
UK_CSV0000000000026508,82,timevalue,1,82,RANDOM_TYPO
UK_CSV0000000000026508,82,totalnumberofstopandsearchcarriedoutinthisyearinth,1,82,RANDOM_TYPO
UK_CSV0000000000026508,83,measure,1,83,RANDOM_TYPO
UK_CSV0000000000026508,83,legislationtype,1,83,RANDOM_TYPO
UK_CSV0000000000026508,83,geographytype,1,83,RANDOM_TYPO
UK_CSV0000000000026508,83,numberofstopandsearches,1,83,RANDOM_TYPO
UK_CSV0000000000026508,83,populationbyethnicity,1,83,RANDOM_TYPO
UK_CSV0000000000026508,84,geography,1,84,RANDOM_TYPO
UK_CSV0000000000026508,84,numberofstopandsearches,1,84,RANDOM_TYPO
UK_CSV0000000000026508,84,populationbyethnicity,1,84,RANDOM_TYPO
UK_CSV0000000000026508,85,numberofstopandsearches,1,85,RANDOM_TYPO
UK_CSV0000000000026508,86,measure,1,86,RANDOM_TYPO
UK_CSV0000000000026508,86,ethnicitytype,1,86,RANDOM_TYPO
UK_CSV0000000000026508,86,geography,1,86,RANDOM_TYPO
UK_CSV0000000000026508,86,numberofstopandsearches,1,86,RANDOM_TYPO
UK_CSV0000000000026508,86,totalnumberofstopandsearchcarriedoutinthisyearinth,1,86,RANDOM_TYPO
UK_CSV0000000000026508,86,populationbyethnicity,1,86,RANDOM_TYPO
UK_CSV0000000000026508,87,timevalue,1,87,RANDOM_TYPO
UK_CSV0000000000026508,87,timetype,1,87,RANDOM_TYPO
UK_CSV0000000000026508,87,ethnicitytype,1,87,RANDOM_TYPO
UK_CSV0000000000026508,87,geography,1,87,RANDOM_TYPO
UK_CSV0000000000026508,87,numberofstopandsearches,1,87,RANDOM_TYPO
UK_CSV0000000000026508,87,totalnumberofstopandsearchcarriedoutinthisyearinth,1,87,RANDOM_TYPO
UK_CSV0000000000026508,87,populationbyethnicity,1,87,RANDOM_TYPO
UK_CSV0000000000026508,88,measure,1,88,RANDOM_TYPO
UK_CSV0000000000026508,88,timetype,1,88,RANDOM_TYPO
UK_CSV0000000000026508,88,geography,1,88,RANDOM_TYPO
UK_CSV0000000000026508,88,geographytype,1,88,RANDOM_TYPO
UK_CSV0000000000026508,88,rateper_one_zero_zero_zeropopulationbyethnicity,1,88,RANDOM_TYPO
UK_CSV0000000000026508,89,timevalue,1,89,RANDOM_TYPO
UK_CSV0000000000026508,89,legislationtype,1,89,RANDOM_TYPO
UK_CSV0000000000026508,89,geography,1,89,RANDOM_TYPO
UK_CSV0000000000026508,89,totalnumberofstopandsearchcarriedoutinthisyearinth,1,89,RANDOM_TYPO
UK_CSV0000000000026508,90,legislationtype,1,90,RANDOM_TYPO
UK_CSV0000000000026508,90,geography,1,90,RANDOM_TYPO
UK_CSV0000000000026508,90,numberofstopandsearches,1,90,RANDOM_TYPO
UK_CSV0000000000026508,90,totalnumberofstopandsearchcarriedoutinthisyearinth,1,90,RANDOM_TYPO
UK_CSV0000000000026508,90,populationbyethnicity,1,90,RANDOM_TYPO
UK_CSV0000000000026508,91,timevalue,1,91,RANDOM_TYPO
UK_CSV0000000000026508,91,totalnumberofstopandsearchcarriedoutinthisyearinth,1,91,RANDOM_TYPO
UK_CSV0000000000026508,92,timetype,1,92,RANDOM_TYPO
UK_CSV0000000000026508,92,ethnicity,1,92,RANDOM_TYPO
UK_CSV0000000000026508,93,timevalue,1,93,RANDOM_TYPO
UK_CSV0000000000026508,93,ethnicity,1,93,RANDOM_TYPO
UK_CSV0000000000026508,93,geography,1,93,RANDOM_TYPO
UK_CSV0000000000026508,93,populationbyethnicity,1,93,RANDOM_TYPO
UK_CSV0000000000026508,94,measure,1,94,RANDOM_TYPO
UK_CSV0000000000026508,94,geographytype,1,94,RANDOM_TYPO
UK_CSV0000000000026508,95,ethnicitytype,1,95,RANDOM_TYPO
UK_CSV0000000000026508,95,geographytype,1,95,RANDOM_TYPO
UK_CSV0000000000026508,96,timetype,1,96,RANDOM_TYPO
UK_CSV0000000000026508,96,legislationtype,1,96,RANDOM_TYPO
UK_CSV0000000000026508,96,rateper_one_zero_zero_zeropopulationbyethnicity,1,96,RANDOM_TYPO
UK_CSV0000000000026508,97,measure,1,97,RANDOM_TYPO
UK_CSV0000000000026508,97,timevalue,1,97,RANDOM_TYPO
UK_CSV0000000000026508,97,geography,1,97,RANDOM_TYPO
UK_CSV0000000000026508,97,totalnumberofstopandsearchcarriedoutinthisyearinth,1,97,RANDOM_TYPO
UK_CSV0000000000026508,98,timevalue,1,98,RANDOM_TYPO
UK_CSV0000000000026508,98,geography,1,98,RANDOM_TYPO
UK_CSV0000000000026508,98,numberofstopandsearches,1,98,RANDOM_TYPO
UK_CSV0000000000026508,99,measure,1,99,RANDOM_TYPO
UK_CSV0000000000026508,99,legislationtype,1,99,RANDOM_TYPO
UK_CSV0000000000026508,99,numberofstopandsearches,1,99,RANDOM_TYPO
UK_CSV0000000000026508,100,measure,1,100,RANDOM_TYPO
UK_CSV0000000000026508,100,timevalue,1,100,RANDOM_TYPO
UK_CSV0000000000026508,100,geographytype,1,100,RANDOM_TYPO
UK_CSV0000000000026508,100,totalnumberofstopandsearchcarriedoutinthisyearinth,1,100,RANDOM_TYPO
UK_CSV0000000000026508,100,populationbyethnicity,1,100,RANDOM_TYPO
UK_CSV0000000000026508,101,timetype,1,101,RANDOM_TYPO
UK_CSV0000000000026508,102,ethnicity,1,102,RANDOM_TYPO
UK_CSV0000000000026508,102,geography,1,102,RANDOM_TYPO
UK_CSV0000000000026508,102,totalnumberofstopandsearchcarriedoutinthisyearinth,1,102,RANDOM_TYPO
UK_CSV0000000000026508,103,measure,1,103,RANDOM_TYPO
UK_CSV0000000000026508,103,timetype,1,103,RANDOM_TYPO
UK_CSV0000000000026508,103,legislationtype,1,103,RANDOM_TYPO
UK_CSV0000000000026508,103,totalnumberofstopandsearchcarriedoutinthisyearinth,1,103,RANDOM_TYPO
UK_CSV0000000000026508,103,rateper_one_zero_zero_zeropopulationbyethnicity,1,103,RANDOM_TYPO
UK_CSV0000000000026508,104,ethnicity,1,104,RANDOM_TYPO
UK_CSV0000000000026508,104,ethnicitytype,1,104,RANDOM_TYPO
UK_CSV0000000000026508,104,legislationtype,1,104,RANDOM_TYPO
UK_CSV0000000000026508,105,ethnicity,1,105,RANDOM_TYPO
UK_CSV0000000000026508,105,legislationtype,1,105,RANDOM_TYPO
UK_CSV0000000000026508,105,populationbyethnicity,1,105,RANDOM_TYPO
UK_CSV0000000000026508,106,timetype,1,106,RANDOM_TYPO
UK_CSV0000000000026508,106,ethnicity,1,106,RANDOM_TYPO
UK_CSV0000000000026508,106,geography,1,106,RANDOM_TYPO
UK_CSV0000000000026508,106,geographytype,1,106,RANDOM_TYPO
UK_CSV0000000000026508,106,totalnumberofstopandsearchcarriedoutinthisyearinth,1,106,RANDOM_TYPO
UK_CSV0000000000026508,107,measure,1,107,RANDOM_TYPO
UK_CSV0000000000026508,107,timetype,1,107,RANDOM_TYPO
UK_CSV0000000000026508,107,legislationtype,1,107,RANDOM_TYPO
UK_CSV0000000000026508,107,totalnumberofstopandsearchcarriedoutinthisyearinth,1,107,RANDOM_TYPO
UK_CSV0000000000026508,108,timevalue,1,108,RANDOM_TYPO
UK_CSV0000000000026508,108,legislationtype,1,108,RANDOM_TYPO
UK_CSV0000000000026508,108,geographytype,1,108,RANDOM_TYPO
UK_CSV0000000000026508,108,populationbyethnicity,1,108,RANDOM_TYPO
UK_CSV0000000000026508,109,timevalue,1,109,RANDOM_TYPO
UK_CSV0000000000026508,109,timetype,1,109,RANDOM_TYPO
UK_CSV0000000000026508,109,ethnicitytype,1,109,RANDOM_TYPO
UK_CSV0000000000026508,109,geography,1,109,RANDOM_TYPO
UK_CSV0000000000026508,109,rateper_one_zero_zero_zeropopulationbyethnicity,1,109,RANDOM_TYPO
UK_CSV0000000000026508,110,ethnicitytype,1,110,RANDOM_TYPO
UK_CSV0000000000026508,110,legislationtype,1,110,RANDOM_TYPO
UK_CSV0000000000026508,110,numberofstopandsearches,1,110,RANDOM_TYPO
UK_CSV0000000000026508,110,totalnumberofstopandsearchcarriedoutinthisyearinth,1,110,RANDOM_TYPO
UK_CSV0000000000026508,111,geographytype,1,111,RANDOM_TYPO
UK_CSV0000000000026508,111,numberofstopandsearches,1,111,RANDOM_TYPO
UK_CSV0000000000026508,111,totalnumberofstopandsearchcarriedoutinthisyearinth,1,111,RANDOM_TYPO
UK_CSV0000000000026508,111,populationbyethnicity,1,111,RANDOM_TYPO
UK_CSV0000000000026508,112,measure,1,112,RANDOM_TYPO
UK_CSV0000000000026508,112,timetype,1,112,RANDOM_TYPO
UK_CSV0000000000026508,112,ethnicitytype,1,112,RANDOM_TYPO
UK_CSV0000000000026508,112,totalnumberofstopandsearchcarriedoutinthisyearinth,1,112,RANDOM_TYPO
UK_CSV0000000000026508,113,timetype,1,113,RANDOM_TYPO
UK_CSV0000000000026508,113,ethnicitytype,1,113,RANDOM_TYPO
UK_CSV0000000000026508,113,totalnumberofstopandsearchcarriedoutinthisyearinth,1,113,RANDOM_TYPO
UK_CSV0000000000026508,114,legislationtype,1,114,RANDOM_TYPO
UK_CSV0000000000026508,114,geography,1,114,RANDOM_TYPO
UK_CSV0000000000026508,114,numberofstopandsearches,1,114,RANDOM_TYPO
UK_CSV0000000000026508,115,timevalue,1,115,RANDOM_TYPO
UK_CSV0000000000026508,115,timetype,1,115,RANDOM_TYPO
UK_CSV0000000000026508,115,geographytype,1,115,RANDOM_TYPO
UK_CSV0000000000026508,115,rateper_one_zero_zero_zeropopulationbyethnicity,1,115,RANDOM_TYPO
UK_CSV0000000000026508,116,timevalue,1,116,RANDOM_TYPO
UK_CSV0000000000026508,116,timetype,1,116,RANDOM_TYPO
UK_CSV0000000000026508,116,ethnicitytype,1,116,RANDOM_TYPO
UK_CSV0000000000026508,116,legislationtype,1,116,RANDOM_TYPO
UK_CSV0000000000026508,116,geographytype,1,116,RANDOM_TYPO
UK_CSV0000000000026508,117,timevalue,1,117,RANDOM_TYPO
UK_CSV0000000000026508,118,timevalue,1,118,RANDOM_TYPO
UK_CSV0000000000026508,118,numberofstopandsearches,1,118,RANDOM_TYPO
UK_CSV0000000000026508,119,geographytype,1,119,RANDOM_TYPO
UK_CSV0000000000026508,119,numberofstopandsearches,1,119,RANDOM_TYPO
UK_CSV0000000000026508,120,measure,1,120,RANDOM_TYPO
UK_CSV0000000000026508,120,ethnicitytype,1,120,RANDOM_TYPO
UK_CSV0000000000026508,120,geography,1,120,RANDOM_TYPO
UK_CSV0000000000026508,120,geographytype,1,120,RANDOM_TYPO
UK_CSV0000000000026508,120,numberofstopandsearches,1,120,RANDOM_TYPO
UK_CSV0000000000026508,121,measure,1,121,RANDOM_TYPO
UK_CSV0000000000026508,121,totalnumberofstopandsearchcarriedoutinthisyearinth,1,121,RANDOM_TYPO
UK_CSV0000000000026508,121,populationbyethnicity,1,121,RANDOM_TYPO
UK_CSV0000000000026508,122,measure,1,122,RANDOM_TYPO
UK_CSV0000000000026508,122,geography,1,122,RANDOM_TYPO
UK_CSV0000000000026508,122,geographytype,1,122,RANDOM_TYPO
UK_CSV0000000000026508,122,populationbyethnicity,1,122,RANDOM_TYPO
UK_CSV0000000000026508,123,geography,1,123,RANDOM_TYPO
UK_CSV0000000000026508,123,numberofstopandsearches,1,123,RANDOM_TYPO
UK_CSV0000000000026508,124,timevalue,1,124,RANDOM_TYPO
UK_CSV0000000000026508,124,geographytype,1,124,RANDOM_TYPO
UK_CSV0000000000026508,124,totalnumberofstopandsearchcarriedoutinthisyearinth,1,124,RANDOM_TYPO
UK_CSV0000000000026508,125,geographytype,1,125,RANDOM_TYPO
UK_CSV0000000000026508,125,totalnumberofstopandsearchcarriedoutinthisyearinth,1,125,RANDOM_TYPO
UK_CSV0000000000026508,126,timetype,1,126,RANDOM_TYPO
UK_CSV0000000000026508,126,geography,1,126,RANDOM_TYPO
UK_CSV0000000000026508,126,geographytype,1,126,RANDOM_TYPO
UK_CSV0000000000026508,126,totalnumberofstopandsearchcarriedoutinthisyearinth,1,126,RANDOM_TYPO
UK_CSV0000000000026508,126,rateper_one_zero_zero_zeropopulationbyethnicity,1,126,RANDOM_TYPO
UK_CSV0000000000026508,127,timetype,1,127,RANDOM_TYPO
UK_CSV0000000000026508,127,geographytype,1,127,RANDOM_TYPO
UK_CSV0000000000026508,127,totalnumberofstopandsearchcarriedoutinthisyearinth,1,127,RANDOM_TYPO
UK_CSV0000000000026508,127,populationbyethnicity,1,127,RANDOM_TYPO
UK_CSV0000000000026508,127,rateper_one_zero_zero_zeropopulationbyethnicity,1,127,RANDOM_TYPO
UK_CSV0000000000026508,128,geography,1,128,RANDOM_TYPO
UK_CSV0000000000026508,128,geographytype,1,128,RANDOM_TYPO
UK_CSV0000000000026508,129,geography,1,129,RANDOM_TYPO
UK_CSV0000000000026508,129,rateper_one_zero_zero_zeropopulationbyethnicity,1,129,RANDOM_TYPO
UK_CSV0000000000026508,130,geographytype,1,130,RANDOM_TYPO
UK_CSV0000000000026508,130,numberofstopandsearches,1,130,RANDOM_TYPO
UK_CSV0000000000026508,131,timevalue,1,131,RANDOM_TYPO
UK_CSV0000000000026508,131,ethnicity,1,131,RANDOM_TYPO
UK_CSV0000000000026508,131,rateper_one_zero_zero_zeropopulationbyethnicity,1,131,RANDOM_TYPO
UK_CSV0000000000026508,132,measure,1,132,RANDOM_TYPO
UK_CSV0000000000026508,132,timevalue,1,132,RANDOM_TYPO
UK_CSV0000000000026508,132,timetype,1,132,RANDOM_TYPO
UK_CSV0000000000026508,132,geographytype,1,132,RANDOM_TYPO
UK_CSV0000000000026508,132,rateper_one_zero_zero_zeropopulationbyethnicity,1,132,RANDOM_TYPO
UK_CSV0000000000026508,133,measure,1,133,RANDOM_TYPO
UK_CSV0000000000026508,133,timevalue,1,133,RANDOM_TYPO
UK_CSV0000000000026508,133,ethnicity,1,133,RANDOM_TYPO
UK_CSV0000000000026508,135,populationbyethnicity,1,135,RANDOM_TYPO
UK_CSV0000000000026508,135,rateper_one_zero_zero_zeropopulationbyethnicity,1,135,RANDOM_TYPO
UK_CSV0000000000026508,136,measure,1,136,RANDOM_TYPO
UK_CSV0000000000026508,136,ethnicity,1,136,RANDOM_TYPO
UK_CSV0000000000026508,136,legislationtype,1,136,RANDOM_TYPO
UK_CSV0000000000026508,137,ethnicitytype,1,137,RANDOM_TYPO
UK_CSV0000000000026508,138,legislationtype,1,138,RANDOM_TYPO
UK_CSV0000000000026508,138,geography,1,138,RANDOM_TYPO
UK_CSV0000000000026508,138,rateper_one_zero_zero_zeropopulationbyethnicity,1,138,RANDOM_TYPO
UK_CSV0000000000026508,139,timetype,1,139,RANDOM_TYPO
UK_CSV0000000000026508,139,ethnicitytype,1,139,RANDOM_TYPO
UK_CSV0000000000026508,139,geographytype,1,139,RANDOM_TYPO
UK_CSV0000000000026508,140,measure,1,140,RANDOM_TYPO
UK_CSV0000000000026508,140,geography,1,140,RANDOM_TYPO
UK_CSV0000000000026508,140,geographytype,1,140,RANDOM_TYPO
UK_CSV0000000000026508,140,rateper_one_zero_zero_zeropopulationbyethnicity,1,140,RANDOM_TYPO
UK_CSV0000000000026508,141,numberofstopandsearches,1,141,RANDOM_TYPO
UK_CSV0000000000026508,141,rateper_one_zero_zero_zeropopulationbyethnicity,1,141,RANDOM_TYPO
UK_CSV0000000000026508,142,ethnicity,1,142,RANDOM_TYPO
UK_CSV0000000000026508,142,geography,1,142,RANDOM_TYPO
UK_CSV0000000000026508,142,geographytype,1,142,RANDOM_TYPO
UK_CSV0000000000026508,142,numberofstopandsearches,1,142,RANDOM_TYPO
UK_CSV0000000000026508,142,populationbyethnicity,1,142,RANDOM_TYPO
UK_CSV0000000000026508,142,rateper_one_zero_zero_zeropopulationbyethnicity,1,142,RANDOM_TYPO
UK_CSV0000000000026508,143,totalnumberofstopandsearchcarriedoutinthisyearinth,1,143,RANDOM_TYPO
UK_CSV0000000000026508,144,timetype,1,144,RANDOM_TYPO
UK_CSV0000000000026508,144,geographytype,1,144,RANDOM_TYPO
UK_CSV0000000000026508,144,numberofstopandsearches,1,144,RANDOM_TYPO
UK_CSV0000000000026508,145,populationbyethnicity,1,145,RANDOM_TYPO
UK_CSV0000000000026508,146,timevalue,1,146,RANDOM_TYPO
UK_CSV0000000000026508,146,rateper_one_zero_zero_zeropopulationbyethnicity,1,146,RANDOM_TYPO
UK_CSV0000000000026508,147,numberofstopandsearches,1,147,RANDOM_TYPO
UK_CSV0000000000026508,148,measure,1,148,RANDOM_TYPO
UK_CSV0000000000026508,148,numberofstopandsearches,1,148,RANDOM_TYPO
UK_CSV0000000000026508,149,ethnicitytype,1,149,RANDOM_TYPO
UK_CSV0000000000026508,149,legislationtype,1,149,RANDOM_TYPO
UK_CSV0000000000026508,150,timevalue,1,150,RANDOM_TYPO
UK_CSV0000000000026508,150,legislationtype,1,150,RANDOM_TYPO
UK_CSV0000000000026508,150,geography,1,150,RANDOM_TYPO
UK_CSV0000000000026508,150,totalnumberofstopandsearchcarriedoutinthisyearinth,1,150,RANDOM_TYPO
UK_CSV0000000000026508,151,measure,1,151,RANDOM_TYPO
UK_CSV0000000000026508,151,geographytype,1,151,RANDOM_TYPO
UK_CSV0000000000026508,151,totalnumberofstopandsearchcarriedoutinthisyearinth,1,151,RANDOM_TYPO
UK_CSV0000000000026508,152,legislationtype,1,152,RANDOM_TYPO
UK_CSV0000000000026508,152,geographytype,1,152,RANDOM_TYPO
UK_CSV0000000000026508,153,measure,1,153,RANDOM_TYPO
UK_CSV0000000000026508,153,numberofstopandsearches,1,153,RANDOM_TYPO
UK_CSV0000000000026508,153,populationbyethnicity,1,153,RANDOM_TYPO
UK_CSV0000000000026508,153,rateper_one_zero_zero_zeropopulationbyethnicity,1,153,RANDOM_TYPO
UK_CSV0000000000026508,154,geography,1,154,RANDOM_TYPO
UK_CSV0000000000026508,154,numberofstopandsearches,1,154,RANDOM_TYPO
UK_CSV0000000000026508,155,timevalue,1,155,RANDOM_TYPO
UK_CSV0000000000026508,156,measure,1,156,RANDOM_TYPO
UK_CSV0000000000026508,157,measure,1,157,RANDOM_TYPO
UK_CSV0000000000026508,157,legislationtype,1,157,RANDOM_TYPO
UK_CSV0000000000026508,157,geographytype,1,157,RANDOM_TYPO
UK_CSV0000000000026508,157,totalnumberofstopandsearchcarriedoutinthisyearinth,1,157,RANDOM_TYPO
UK_CSV0000000000026508,157,rateper_one_zero_zero_zeropopulationbyethnicity,1,157,RANDOM_TYPO
UK_CSV0000000000026508,158,ethnicitytype,1,158,RANDOM_TYPO
UK_CSV0000000000026508,158,geography,1,158,RANDOM_TYPO
UK_CSV0000000000026508,159,timevalue,1,159,RANDOM_TYPO
UK_CSV0000000000026508,159,timetype,1,159,RANDOM_TYPO
UK_CSV0000000000026508,159,ethnicitytype,1,159,RANDOM_TYPO
UK_CSV0000000000026508,159,geography,1,159,RANDOM_TYPO
UK_CSV0000000000026508,159,numberofstopandsearches,1,159,RANDOM_TYPO
UK_CSV0000000000026508,159,populationbyethnicity,1,159,RANDOM_TYPO
UK_CSV0000000000026508,160,ethnicity,1,160,RANDOM_TYPO
UK_CSV0000000000026508,160,geography,1,160,RANDOM_TYPO
UK_CSV0000000000026508,160,totalnumberofstopandsearchcarriedoutinthisyearinth,1,160,RANDOM_TYPO
UK_CSV0000000000026508,161,legislationtype,1,161,RANDOM_TYPO
UK_CSV0000000000026508,161,geography,1,161,RANDOM_TYPO
UK_CSV0000000000026508,161,totalnumberofstopandsearchcarriedoutinthisyearinth,1,161,RANDOM_TYPO
UK_CSV0000000000026508,161,populationbyethnicity,1,161,RANDOM_TYPO
UK_CSV0000000000026508,162,measure,1,162,RANDOM_TYPO
UK_CSV0000000000026508,162,timetype,1,162,RANDOM_TYPO
UK_CSV0000000000026508,162,ethnicity,1,162,RANDOM_TYPO
UK_CSV0000000000026508,162,totalnumberofstopandsearchcarriedoutinthisyearinth,1,162,RANDOM_TYPO
UK_CSV0000000000026508,163,timetype,1,163,RANDOM_TYPO
UK_CSV0000000000026508,163,geographytype,1,163,RANDOM_TYPO
UK_CSV0000000000026508,163,populationbyethnicity,1,163,RANDOM_TYPO
UK_CSV0000000000026508,164,ethnicitytype,1,164,RANDOM_TYPO
UK_CSV0000000000026508,164,populationbyethnicity,1,164,RANDOM_TYPO
UK_CSV0000000000026508,165,measure,1,165,RANDOM_TYPO
UK_CSV0000000000026508,165,timetype,1,165,RANDOM_TYPO
UK_CSV0000000000026508,165,numberofstopandsearches,1,165,RANDOM_TYPO
UK_CSV0000000000026508,166,measure,1,166,RANDOM_TYPO
UK_CSV0000000000026508,166,timevalue,1,166,RANDOM_TYPO
UK_CSV0000000000026508,166,timetype,1,166,RANDOM_TYPO
UK_CSV0000000000026508,166,numberofstopandsearches,1,166,RANDOM_TYPO
UK_CSV0000000000026508,167,timetype,1,167,RANDOM_TYPO
UK_CSV0000000000026508,167,geographytype,1,167,RANDOM_TYPO
UK_CSV0000000000026508,167,numberofstopandsearches,1,167,RANDOM_TYPO
UK_CSV0000000000026508,167,rateper_one_zero_zero_zeropopulationbyethnicity,1,167,RANDOM_TYPO
UK_CSV0000000000026508,168,timevalue,1,168,RANDOM_TYPO
UK_CSV0000000000026508,168,ethnicitytype,1,168,RANDOM_TYPO
UK_CSV0000000000026508,169,geography,1,169,RANDOM_TYPO
UK_CSV0000000000026508,169,geographytype,1,169,RANDOM_TYPO
UK_CSV0000000000026508,170,ethnicitytype,1,170,RANDOM_TYPO
UK_CSV0000000000026508,170,legislationtype,1,170,RANDOM_TYPO
UK_CSV0000000000026508,170,geographytype,1,170,RANDOM_TYPO
UK_CSV0000000000026508,170,numberofstopandsearches,1,170,RANDOM_TYPO
UK_CSV0000000000026508,170,populationbyethnicity,1,170,RANDOM_TYPO
UK_CSV0000000000026508,171,geographytype,1,171,RANDOM_TYPO
UK_CSV0000000000026508,171,numberofstopandsearches,1,171,RANDOM_TYPO
UK_CSV0000000000026508,172,measure,1,172,RANDOM_TYPO
UK_CSV0000000000026508,172,legislationtype,1,172,RANDOM_TYPO
UK_CSV0000000000026508,172,geography,1,172,RANDOM_TYPO
UK_CSV0000000000026508,172,geographytype,1,172,RANDOM_TYPO
UK_CSV0000000000026508,172,populationbyethnicity,1,172,RANDOM_TYPO
UK_CSV0000000000026508,173,measure,1,173,RANDOM_TYPO
UK_CSV0000000000026508,173,geographytype,1,173,RANDOM_TYPO
UK_CSV0000000000026508,174,geographytype,1,174,RANDOM_TYPO
UK_CSV0000000000026508,174,populationbyethnicity,1,174,RANDOM_TYPO
UK_CSV0000000000026508,175,ethnicitytype,1,175,RANDOM_TYPO
UK_CSV0000000000026508,175,numberofstopandsearches,1,175,RANDOM_TYPO
UK_CSV0000000000026508,175,rateper_one_zero_zero_zeropopulationbyethnicity,1,175,RANDOM_TYPO
UK_CSV0000000000026508,176,timevalue,1,176,RANDOM_TYPO
UK_CSV0000000000026508,176,timetype,1,176,RANDOM_TYPO
UK_CSV0000000000026508,176,ethnicity,1,176,RANDOM_TYPO
UK_CSV0000000000026508,176,rateper_one_zero_zero_zeropopulationbyethnicity,1,176,RANDOM_TYPO
UK_CSV0000000000026508,177,geography,1,177,RANDOM_TYPO
UK_CSV0000000000026508,177,geographytype,1,177,RANDOM_TYPO
UK_CSV0000000000026508,178,measure,1,178,RANDOM_TYPO
UK_CSV0000000000026508,178,timevalue,1,178,RANDOM_TYPO
UK_CSV0000000000026508,178,timetype,1,178,RANDOM_TYPO
UK_CSV0000000000026508,178,ethnicity,1,178,RANDOM_TYPO
UK_CSV0000000000026508,178,ethnicitytype,1,178,RANDOM_TYPO
UK_CSV0000000000026508,178,legislationtype,1,178,RANDOM_TYPO
UK_CSV0000000000026508,178,populationbyethnicity,1,178,RANDOM_TYPO
UK_CSV0000000000026508,179,ethnicity,1,179,RANDOM_TYPO
UK_CSV0000000000026508,179,ethnicitytype,1,179,RANDOM_TYPO
UK_CSV0000000000026508,179,totalnumberofstopandsearchcarriedoutinthisyearinth,1,179,RANDOM_TYPO
UK_CSV0000000000026508,179,populationbyethnicity,1,179,RANDOM_TYPO
UK_CSV0000000000026508,180,timevalue,1,180,RANDOM_TYPO
UK_CSV0000000000026508,180,ethnicity,1,180,RANDOM_TYPO
UK_CSV0000000000026508,180,numberofstopandsearches,1,180,RANDOM_TYPO
UK_CSV0000000000026508,180,populationbyethnicity,1,180,RANDOM_TYPO
UK_CSV0000000000026508,181,timetype,1,181,RANDOM_TYPO
UK_CSV0000000000026508,181,totalnumberofstopandsearchcarriedoutinthisyearinth,1,181,RANDOM_TYPO
UK_CSV0000000000026508,181,populationbyethnicity,1,181,RANDOM_TYPO
UK_CSV0000000000026508,183,timetype,1,183,RANDOM_TYPO
UK_CSV0000000000026508,183,ethnicitytype,1,183,RANDOM_TYPO
UK_CSV0000000000026508,183,legislationtype,1,183,RANDOM_TYPO
UK_CSV0000000000026508,183,totalnumberofstopandsearchcarriedoutinthisyearinth,1,183,RANDOM_TYPO
UK_CSV0000000000026508,184,ethnicitytype,1,184,RANDOM_TYPO
UK_CSV0000000000026508,184,totalnumberofstopandsearchcarriedoutinthisyearinth,1,184,RANDOM_TYPO
UK_CSV0000000000026508,185,timetype,1,185,RANDOM_TYPO
UK_CSV0000000000026508,185,rateper_one_zero_zero_zeropopulationbyethnicity,1,185,RANDOM_TYPO
UK_CSV0000000000026508,186,measure,1,186,RANDOM_TYPO
UK_CSV0000000000026508,186,timevalue,1,186,RANDOM_TYPO
UK_CSV0000000000026508,186,geography,1,186,RANDOM_TYPO
UK_CSV0000000000026508,187,ethnicitytype,1,187,RANDOM_TYPO
UK_CSV0000000000026508,187,geography,1,187,RANDOM_TYPO
UK_CSV0000000000026508,187,geographytype,1,187,RANDOM_TYPO
UK_CSV0000000000026508,187,numberofstopandsearches,1,187,RANDOM_TYPO
UK_CSV0000000000026508,188,legislationtype,1,188,RANDOM_TYPO
UK_CSV0000000000026508,188,numberofstopandsearches,1,188,RANDOM_TYPO
UK_CSV0000000000026508,188,populationbyethnicity,1,188,RANDOM_TYPO
UK_CSV0000000000026508,189,measure,1,189,RANDOM_TYPO
UK_CSV0000000000026508,189,geographytype,1,189,RANDOM_TYPO
UK_CSV0000000000026508,189,numberofstopandsearches,1,189,RANDOM_TYPO
UK_CSV0000000000026508,190,timevalue,1,190,RANDOM_TYPO
UK_CSV0000000000026508,190,totalnumberofstopandsearchcarriedoutinthisyearinth,1,190,RANDOM_TYPO
UK_CSV0000000000026508,191,timevalue,1,191,RANDOM_TYPO
UK_CSV0000000000026508,191,legislationtype,1,191,RANDOM_TYPO
UK_CSV0000000000026508,191,geographytype,1,191,RANDOM_TYPO
UK_CSV0000000000026508,191,numberofstopandsearches,1,191,RANDOM_TYPO
UK_CSV0000000000026508,192,measure,1,192,RANDOM_TYPO
UK_CSV0000000000026508,192,timetype,1,192,RANDOM_TYPO
UK_CSV0000000000026508,192,geography,1,192,RANDOM_TYPO
UK_CSV0000000000026508,192,rateper_one_zero_zero_zeropopulationbyethnicity,1,192,RANDOM_TYPO
UK_CSV0000000000026508,193,ethnicity,1,193,RANDOM_TYPO
UK_CSV0000000000026508,193,ethnicitytype,1,193,RANDOM_TYPO
UK_CSV0000000000026508,193,geography,1,193,RANDOM_TYPO
UK_CSV0000000000026508,193,totalnumberofstopandsearchcarriedoutinthisyearinth,1,193,RANDOM_TYPO
UK_CSV0000000000026508,194,ethnicitytype,1,194,RANDOM_TYPO
UK_CSV0000000000026508,194,legislationtype,1,194,RANDOM_TYPO
UK_CSV0000000000026508,196,legislationtype,1,196,RANDOM_TYPO
UK_CSV0000000000026508,196,totalnumberofstopandsearchcarriedoutinthisyearinth,1,196,RANDOM_TYPO
UK_CSV0000000000026508,196,populationbyethnicity,1,196,RANDOM_TYPO
UK_CSV0000000000026508,197,legislationtype,1,197,RANDOM_TYPO
UK_CSV0000000000026508,197,rateper_one_zero_zero_zeropopulationbyethnicity,1,197,RANDOM_TYPO
UK_CSV0000000000026508,198,legislationtype,1,198,RANDOM_TYPO
UK_CSV0000000000026508,198,geographytype,1,198,RANDOM_TYPO
UK_CSV0000000000026508,198,populationbyethnicity,1,198,RANDOM_TYPO
UK_CSV0000000000026508,199,ethnicity,1,199,RANDOM_TYPO
UK_CSV0000000000026508,199,geographytype,1,199,RANDOM_TYPO
UK_CSV0000000000026508,200,measure,1,200,RANDOM_TYPO
UK_CSV0000000000026508,200,geographytype,1,200,RANDOM_TYPO
UK_CSV0000000000026508,201,timetype,1,201,RANDOM_TYPO
UK_CSV0000000000026508,201,geographytype,1,201,RANDOM_TYPO
UK_CSV0000000000026508,201,totalnumberofstopandsearchcarriedoutinthisyearinth,1,201,RANDOM_TYPO
UK_CSV0000000000026508,201,populationbyethnicity,1,201,RANDOM_TYPO
UK_CSV0000000000026508,202,timetype,1,202,RANDOM_TYPO
UK_CSV0000000000026508,202,legislationtype,1,202,RANDOM_TYPO
UK_CSV0000000000026508,203,timevalue,1,203,RANDOM_TYPO
UK_CSV0000000000026508,203,geography,1,203,RANDOM_TYPO
UK_CSV0000000000026508,203,geographytype,1,203,RANDOM_TYPO
UK_CSV0000000000026508,203,totalnumberofstopandsearchcarriedoutinthisyearinth,1,203,RANDOM_TYPO
UK_CSV0000000000026508,204,ethnicitytype,1,204,RANDOM_TYPO
UK_CSV0000000000026508,204,totalnumberofstopandsearchcarriedoutinthisyearinth,1,204,RANDOM_TYPO
UK_CSV0000000000026508,205,measure,1,205,RANDOM_TYPO
UK_CSV0000000000026508,205,timevalue,1,205,RANDOM_TYPO
UK_CSV0000000000026508,205,timetype,1,205,RANDOM_TYPO
UK_CSV0000000000026508,205,ethnicitytype,1,205,RANDOM_TYPO
UK_CSV0000000000026508,205,geography,1,205,RANDOM_TYPO
UK_CSV0000000000026508,206,timevalue,1,206,RANDOM_TYPO
UK_CSV0000000000026508,206,ethnicitytype,1,206,RANDOM_TYPO
UK_CSV0000000000026508,206,totalnumberofstopandsearchcarriedoutinthisyearinth,1,206,RANDOM_TYPO
UK_CSV0000000000026508,207,geography,1,207,RANDOM_TYPO
UK_CSV0000000000026508,207,geographytype,1,207,RANDOM_TYPO
UK_CSV0000000000026508,207,totalnumberofstopandsearchcarriedoutinthisyearinth,1,207,RANDOM_TYPO
UK_CSV0000000000026508,208,ethnicity,1,208,RANDOM_TYPO
UK_CSV0000000000026508,208,geography,1,208,RANDOM_TYPO
UK_CSV0000000000026508,208,geographytype,1,208,RANDOM_TYPO
UK_CSV0000000000026508,208,rateper_one_zero_zero_zeropopulationbyethnicity,1,208,RANDOM_TYPO
UK_CSV0000000000026508,209,measure,1,209,RANDOM_TYPO
UK_CSV0000000000026508,209,timevalue,1,209,RANDOM_TYPO
UK_CSV0000000000026508,209,geographytype,1,209,RANDOM_TYPO
UK_CSV0000000000026508,210,timevalue,1,210,RANDOM_TYPO
UK_CSV0000000000026508,210,timetype,1,210,RANDOM_TYPO
UK_CSV0000000000026508,210,legislationtype,1,210,RANDOM_TYPO
UK_CSV0000000000026508,210,populationbyethnicity,1,210,RANDOM_TYPO
UK_CSV0000000000026508,211,geographytype,1,211,RANDOM_TYPO
UK_CSV0000000000026508,211,populationbyethnicity,1,211,RANDOM_TYPO
UK_CSV0000000000026508,212,timetype,1,212,RANDOM_TYPO
UK_CSV0000000000026508,212,ethnicitytype,1,212,RANDOM_TYPO
UK_CSV0000000000026508,212,legislationtype,1,212,RANDOM_TYPO
UK_CSV0000000000026508,213,timevalue,1,213,RANDOM_TYPO
UK_CSV0000000000026508,213,ethnicitytype,1,213,RANDOM_TYPO
UK_CSV0000000000026508,214,timetype,1,214,RANDOM_TYPO
UK_CSV0000000000026508,214,geographytype,1,214,RANDOM_TYPO
UK_CSV0000000000026508,214,populationbyethnicity,1,214,RANDOM_TYPO
UK_CSV0000000000026508,215,measure,1,215,RANDOM_TYPO
UK_CSV0000000000026508,215,ethnicity,1,215,RANDOM_TYPO
UK_CSV0000000000026508,215,totalnumberofstopandsearchcarriedoutinthisyearinth,1,215,RANDOM_TYPO
UK_CSV0000000000026508,215,populationbyethnicity,1,215,RANDOM_TYPO
UK_CSV0000000000026508,216,legislationtype,1,216,RANDOM_TYPO
UK_CSV0000000000026508,216,geographytype,1,216,RANDOM_TYPO
UK_CSV0000000000026508,217,measure,1,217,RANDOM_TYPO
UK_CSV0000000000026508,217,ethnicitytype,1,217,RANDOM_TYPO
UK_CSV0000000000026508,217,totalnumberofstopandsearchcarriedoutinthisyearinth,1,217,RANDOM_TYPO
UK_CSV0000000000026508,217,rateper_one_zero_zero_zeropopulationbyethnicity,1,217,RANDOM_TYPO
UK_CSV0000000000026508,218,timevalue,1,218,RANDOM_TYPO
UK_CSV0000000000026508,218,timetype,1,218,RANDOM_TYPO
UK_CSV0000000000026508,218,ethnicity,1,218,RANDOM_TYPO
UK_CSV0000000000026508,219,timetype,1,219,RANDOM_TYPO
UK_CSV0000000000026508,219,totalnumberofstopandsearchcarriedoutinthisyearinth,1,219,RANDOM_TYPO
UK_CSV0000000000026508,219,rateper_one_zero_zero_zeropopulationbyethnicity,1,219,RANDOM_TYPO
UK_CSV0000000000026508,220,ethnicity,1,220,RANDOM_TYPO
UK_CSV0000000000026508,220,geography,1,220,RANDOM_TYPO
UK_CSV0000000000026508,221,timevalue,1,221,RANDOM_TYPO
UK_CSV0000000000026508,221,timetype,1,221,RANDOM_TYPO
UK_CSV0000000000026508,222,timevalue,1,222,RANDOM_TYPO
UK_CSV0000000000026508,222,geographytype,1,222,RANDOM_TYPO
UK_CSV0000000000026508,222,populationbyethnicity,1,222,RANDOM_TYPO
UK_CSV0000000000026508,223,measure,1,223,RANDOM_TYPO
UK_CSV0000000000026508,223,geography,1,223,RANDOM_TYPO
UK_CSV0000000000026508,223,numberofstopandsearches,1,223,RANDOM_TYPO
UK_CSV0000000000026508,224,numberofstopandsearches,1,224,RANDOM_TYPO
UK_CSV0000000000026508,224,populationbyethnicity,1,224,RANDOM_TYPO
UK_CSV0000000000026508,225,measure,1,225,RANDOM_TYPO
UK_CSV0000000000026508,225,ethnicitytype,1,225,RANDOM_TYPO
UK_CSV0000000000026508,225,legislationtype,1,225,RANDOM_TYPO
UK_CSV0000000000026508,225,geography,1,225,RANDOM_TYPO
UK_CSV0000000000026508,225,totalnumberofstopandsearchcarriedoutinthisyearinth,1,225,RANDOM_TYPO
UK_CSV0000000000026508,225,rateper_one_zero_zero_zeropopulationbyethnicity,1,225,RANDOM_TYPO
UK_CSV0000000000026508,226,timevalue,1,226,RANDOM_TYPO
UK_CSV0000000000026508,226,ethnicity,1,226,RANDOM_TYPO
UK_CSV0000000000026508,226,numberofstopandsearches,1,226,RANDOM_TYPO
UK_CSV0000000000026508,226,totalnumberofstopandsearchcarriedoutinthisyearinth,1,226,RANDOM_TYPO
UK_CSV0000000000026508,227,timevalue,1,227,RANDOM_TYPO
UK_CSV0000000000026508,227,ethnicity,1,227,RANDOM_TYPO
UK_CSV0000000000026508,227,numberofstopandsearches,1,227,RANDOM_TYPO
UK_CSV0000000000026508,228,timevalue,1,228,RANDOM_TYPO
UK_CSV0000000000026508,228,ethnicitytype,1,228,RANDOM_TYPO
UK_CSV0000000000026508,228,legislationtype,1,228,RANDOM_TYPO
UK_CSV0000000000026508,228,geographytype,1,228,RANDOM_TYPO
UK_CSV0000000000026508,228,numberofstopandsearches,1,228,RANDOM_TYPO
UK_CSV0000000000026508,229,ethnicity,1,229,RANDOM_TYPO
UK_CSV0000000000026508,229,legislationtype,1,229,RANDOM_TYPO
UK_CSV0000000000026508,229,geography,1,229,RANDOM_TYPO
UK_CSV0000000000026508,230,measure,1,230,RANDOM_TYPO
UK_CSV0000000000026508,230,ethnicitytype,1,230,RANDOM_TYPO
UK_CSV0000000000026508,230,geography,1,230,RANDOM_TYPO
UK_CSV0000000000026508,230,rateper_one_zero_zero_zeropopulationbyethnicity,1,230,RANDOM_TYPO
UK_CSV0000000000026508,231,timetype,1,231,RANDOM_TYPO
UK_CSV0000000000026508,231,legislationtype,1,231,RANDOM_TYPO
UK_CSV0000000000026508,231,geography,1,231,RANDOM_TYPO
UK_CSV0000000000026508,231,geographytype,1,231,RANDOM_TYPO
UK_CSV0000000000026508,232,legislationtype,1,232,RANDOM_TYPO
UK_CSV0000000000026508,233,timetype,1,233,RANDOM_TYPO
UK_CSV0000000000026508,233,ethnicitytype,1,233,RANDOM_TYPO
UK_CSV0000000000026508,233,geographytype,1,233,RANDOM_TYPO
UK_CSV0000000000026508,233,rateper_one_zero_zero_zeropopulationbyethnicity,1,233,RANDOM_TYPO
UK_CSV0000000000026508,235,timevalue,1,235,RANDOM_TYPO
UK_CSV0000000000026508,235,ethnicitytype,1,235,RANDOM_TYPO
UK_CSV0000000000026508,235,totalnumberofstopandsearchcarriedoutinthisyearinth,1,235,RANDOM_TYPO
UK_CSV0000000000026508,236,totalnumberofstopandsearchcarriedoutinthisyearinth,1,236,RANDOM_TYPO
UK_CSV0000000000026508,237,measure,1,237,RANDOM_TYPO
UK_CSV0000000000026508,237,timetype,1,237,RANDOM_TYPO
UK_CSV0000000000026508,237,populationbyethnicity,1,237,RANDOM_TYPO
UK_CSV0000000000026508,238,geography,1,238,RANDOM_TYPO
UK_CSV0000000000026508,238,geographytype,1,238,RANDOM_TYPO
UK_CSV0000000000026508,238,totalnumberofstopandsearchcarriedoutinthisyearinth,1,238,RANDOM_TYPO
UK_CSV0000000000026508,239,ethnicitytype,1,239,RANDOM_TYPO
UK_CSV0000000000026508,239,numberofstopandsearches,1,239,RANDOM_TYPO
UK_CSV0000000000026508,239,totalnumberofstopandsearchcarriedoutinthisyearinth,1,239,RANDOM_TYPO
UK_CSV0000000000026508,240,timetype,1,240,RANDOM_TYPO
UK_CSV0000000000026508,241,measure,1,241,RANDOM_TYPO
UK_CSV0000000000026508,241,ethnicity,1,241,RANDOM_TYPO
UK_CSV0000000000026508,242,timetype,1,242,RANDOM_TYPO
UK_CSV0000000000026508,242,legislationtype,1,242,RANDOM_TYPO
UK_CSV0000000000026508,243,measure,1,243,RANDOM_TYPO
UK_CSV0000000000026508,243,timetype,1,243,RANDOM_TYPO
UK_CSV0000000000026508,244,measure,1,244,RANDOM_TYPO
UK_CSV0000000000026508,244,timetype,1,244,RANDOM_TYPO
UK_CSV0000000000026508,244,ethnicitytype,1,244,RANDOM_TYPO
UK_CSV0000000000026508,244,legislationtype,1,244,RANDOM_TYPO
UK_CSV0000000000026508,244,totalnumberofstopandsearchcarriedoutinthisyearinth,1,244,RANDOM_TYPO
UK_CSV0000000000026508,245,timevalue,1,245,RANDOM_TYPO
UK_CSV0000000000026508,245,legislationtype,1,245,RANDOM_TYPO
UK_CSV0000000000026508,245,geography,1,245,RANDOM_TYPO
UK_CSV0000000000026508,246,timevalue,1,246,RANDOM_TYPO
UK_CSV0000000000026508,246,populationbyethnicity,1,246,RANDOM_TYPO
UK_CSV0000000000026508,246,rateper_one_zero_zero_zeropopulationbyethnicity,1,246,RANDOM_TYPO
UK_CSV0000000000026508,247,measure,1,247,RANDOM_TYPO
UK_CSV0000000000026508,247,ethnicitytype,1,247,RANDOM_TYPO
UK_CSV0000000000026508,248,measure,1,248,RANDOM_TYPO
UK_CSV0000000000026508,248,totalnumberofstopandsearchcarriedoutinthisyearinth,1,248,RANDOM_TYPO
UK_CSV0000000000026508,248,rateper_one_zero_zero_zeropopulationbyethnicity,1,248,RANDOM_TYPO
UK_CSV0000000000026508,249,geography,1,249,RANDOM_TYPO
UK_CSV0000000000026508,250,timevalue,1,250,RANDOM_TYPO
UK_CSV0000000000026508,250,timetype,1,250,RANDOM_TYPO
UK_CSV0000000000026508,250,geographytype,1,250,RANDOM_TYPO
UK_CSV0000000000026508,251,ethnicitytype,1,251,RANDOM_TYPO
UK_CSV0000000000026508,251,legislationtype,1,251,RANDOM_TYPO
UK_CSV0000000000026508,252,ethnicity,1,252,RANDOM_TYPO
UK_CSV0000000000026508,252,ethnicitytype,1,252,RANDOM_TYPO
UK_CSV0000000000026508,252,geographytype,1,252,RANDOM_TYPO
UK_CSV0000000000026508,253,timevalue,1,253,RANDOM_TYPO
UK_CSV0000000000026508,253,timetype,1,253,RANDOM_TYPO
UK_CSV0000000000026508,253,ethnicity,1,253,RANDOM_TYPO
UK_CSV0000000000026508,253,populationbyethnicity,1,253,RANDOM_TYPO
UK_CSV0000000000026508,254,measure,1,254,RANDOM_TYPO
UK_CSV0000000000026508,255,timevalue,1,255,RANDOM_TYPO
UK_CSV0000000000026508,255,ethnicity,1,255,RANDOM_TYPO
UK_CSV0000000000026508,255,geography,1,255,RANDOM_TYPO
UK_CSV0000000000026508,256,timevalue,1,256,RANDOM_TYPO
UK_CSV0000000000026508,256,timetype,1,256,RANDOM_TYPO
UK_CSV0000000000026508,256,numberofstopandsearches,1,256,RANDOM_TYPO
UK_CSV0000000000026508,256,totalnumberofstopandsearchcarriedoutinthisyearinth,1,256,RANDOM_TYPO
UK_CSV0000000000026508,256,rateper_one_zero_zero_zeropopulationbyethnicity,1,256,RANDOM_TYPO
UK_CSV0000000000026508,257,legislationtype,1,257,RANDOM_TYPO
UK_CSV0000000000026508,257,populationbyethnicity,1,257,RANDOM_TYPO
UK_CSV0000000000026508,257,rateper_one_zero_zero_zeropopulationbyethnicity,1,257,RANDOM_TYPO
UK_CSV0000000000026508,258,geographytype,1,258,RANDOM_TYPO
UK_CSV0000000000026508,258,numberofstopandsearches,1,258,RANDOM_TYPO
UK_CSV0000000000026508,259,timetype,1,259,RANDOM_TYPO
UK_CSV0000000000026508,260,timevalue,1,260,RANDOM_TYPO
UK_CSV0000000000026508,260,timetype,1,260,RANDOM_TYPO
UK_CSV0000000000026508,260,geography,1,260,RANDOM_TYPO
UK_CSV0000000000026508,260,geographytype,1,260,RANDOM_TYPO
UK_CSV0000000000026508,260,totalnumberofstopandsearchcarriedoutinthisyearinth,1,260,RANDOM_TYPO
UK_CSV0000000000026508,261,timevalue,1,261,RANDOM_TYPO
UK_CSV0000000000026508,261,totalnumberofstopandsearchcarriedoutinthisyearinth,1,261,RANDOM_TYPO
UK_CSV0000000000026508,261,rateper_one_zero_zero_zeropopulationbyethnicity,1,261,RANDOM_TYPO
UK_CSV0000000000026508,263,legislationtype,1,263,RANDOM_TYPO
UK_CSV0000000000026508,264,ethnicity,1,264,RANDOM_TYPO
UK_CSV0000000000026508,264,geographytype,1,264,RANDOM_TYPO
UK_CSV0000000000026508,264,numberofstopandsearches,1,264,RANDOM_TYPO
UK_CSV0000000000026508,265,measure,1,265,RANDOM_TYPO
UK_CSV0000000000026508,265,legislationtype,1,265,RANDOM_TYPO
UK_CSV0000000000026508,265,numberofstopandsearches,1,265,RANDOM_TYPO
UK_CSV0000000000026508,265,populationbyethnicity,1,265,RANDOM_TYPO
UK_CSV0000000000026508,266,geography,1,266,RANDOM_TYPO
UK_CSV0000000000026508,266,rateper_one_zero_zero_zeropopulationbyethnicity,1,266,RANDOM_TYPO
UK_CSV0000000000026508,267,legislationtype,1,267,RANDOM_TYPO
UK_CSV0000000000026508,267,populationbyethnicity,1,267,RANDOM_TYPO
UK_CSV0000000000026508,268,timevalue,1,268,RANDOM_TYPO
UK_CSV0000000000026508,268,geography,1,268,RANDOM_TYPO
UK_CSV0000000000026508,269,measure,1,269,RANDOM_TYPO
UK_CSV0000000000026508,269,ethnicity,1,269,RANDOM_TYPO
UK_CSV0000000000026508,270,geography,1,270,RANDOM_TYPO
UK_CSV0000000000026508,270,geographytype,1,270,RANDOM_TYPO
UK_CSV0000000000026508,270,totalnumberofstopandsearchcarriedoutinthisyearinth,1,270,RANDOM_TYPO
UK_CSV0000000000026508,271,legislationtype,1,271,RANDOM_TYPO
UK_CSV0000000000026508,271,geography,1,271,RANDOM_TYPO
UK_CSV0000000000026508,271,geographytype,1,271,RANDOM_TYPO
UK_CSV0000000000026508,271,populationbyethnicity,1,271,RANDOM_TYPO
UK_CSV0000000000026508,272,geography,1,272,RANDOM_TYPO
UK_CSV0000000000026508,272,populationbyethnicity,1,272,RANDOM_TYPO
UK_CSV0000000000026508,273,timevalue,1,273,RANDOM_TYPO
UK_CSV0000000000026508,273,timetype,1,273,RANDOM_TYPO
UK_CSV0000000000026508,273,totalnumberofstopandsearchcarriedoutinthisyearinth,1,273,RANDOM_TYPO
UK_CSV0000000000026508,273,rateper_one_zero_zero_zeropopulationbyethnicity,1,273,RANDOM_TYPO
UK_CSV0000000000026508,274,measure,1,274,RANDOM_TYPO
UK_CSV0000000000026508,274,timetype,1,274,RANDOM_TYPO
UK_CSV0000000000026508,274,ethnicity,1,274,RANDOM_TYPO
UK_CSV0000000000026508,274,legislationtype,1,274,RANDOM_TYPO
UK_CSV0000000000026508,275,legislationtype,1,275,RANDOM_TYPO
UK_CSV0000000000026508,275,geography,1,275,RANDOM_TYPO
UK_CSV0000000000026508,275,numberofstopandsearches,1,275,RANDOM_TYPO
UK_CSV0000000000026508,275,rateper_one_zero_zero_zeropopulationbyethnicity,1,275,RANDOM_TYPO
UK_CSV0000000000026508,276,timetype,1,276,RANDOM_TYPO
UK_CSV0000000000026508,276,totalnumberofstopandsearchcarriedoutinthisyearinth,1,276,RANDOM_TYPO
UK_CSV0000000000026508,276,rateper_one_zero_zero_zeropopulationbyethnicity,1,276,RANDOM_TYPO
UK_CSV0000000000026508,277,timevalue,1,277,RANDOM_TYPO
UK_CSV0000000000026508,277,rateper_one_zero_zero_zeropopulationbyethnicity,1,277,RANDOM_TYPO
UK_CSV0000000000026508,278,measure,1,278,RANDOM_TYPO
UK_CSV0000000000026508,278,timevalue,1,278,RANDOM_TYPO
UK_CSV0000000000026508,278,timetype,1,278,RANDOM_TYPO
UK_CSV0000000000026508,278,ethnicitytype,1,278,RANDOM_TYPO
UK_CSV0000000000026508,278,numberofstopandsearches,1,278,RANDOM_TYPO
UK_CSV0000000000026508,278,populationbyethnicity,1,278,RANDOM_TYPO
UK_CSV0000000000026508,279,geography,1,279,RANDOM_TYPO
UK_CSV0000000000026508,279,totalnumberofstopandsearchcarriedoutinthisyearinth,1,279,RANDOM_TYPO
UK_CSV0000000000026508,279,rateper_one_zero_zero_zeropopulationbyethnicity,1,279,RANDOM_TYPO
UK_CSV0000000000026508,280,ethnicity,1,280,RANDOM_TYPO
UK_CSV0000000000026508,280,legislationtype,1,280,RANDOM_TYPO
UK_CSV0000000000026508,280,geographytype,1,280,RANDOM_TYPO
UK_CSV0000000000026508,280,numberofstopandsearches,1,280,RANDOM_TYPO
UK_CSV0000000000026508,280,totalnumberofstopandsearchcarriedoutinthisyearinth,1,280,RANDOM_TYPO
UK_CSV0000000000026508,281,ethnicity,1,281,RANDOM_TYPO
UK_CSV0000000000026508,281,geographytype,1,281,RANDOM_TYPO
UK_CSV0000000000026508,281,populationbyethnicity,1,281,RANDOM_TYPO
UK_CSV0000000000026508,282,measure,1,282,RANDOM_TYPO
UK_CSV0000000000026508,282,timevalue,1,282,RANDOM_TYPO
UK_CSV0000000000026508,282,ethnicitytype,1,282,RANDOM_TYPO
UK_CSV0000000000026508,283,measure,1,283,RANDOM_TYPO
UK_CSV0000000000026508,283,numberofstopandsearches,1,283,RANDOM_TYPO
UK_CSV0000000000026508,284,ethnicitytype,1,284,RANDOM_TYPO
UK_CSV0000000000026508,284,geographytype,1,284,RANDOM_TYPO
UK_CSV0000000000026508,284,numberofstopandsearches,1,284,RANDOM_TYPO
UK_CSV0000000000026508,284,populationbyethnicity,1,284,RANDOM_TYPO
UK_CSV0000000000026508,285,geography,1,285,RANDOM_TYPO
UK_CSV0000000000026508,285,geographytype,1,285,RANDOM_TYPO
UK_CSV0000000000026508,285,populationbyethnicity,1,285,RANDOM_TYPO
UK_CSV0000000000026508,285,rateper_one_zero_zero_zeropopulationbyethnicity,1,285,RANDOM_TYPO
UK_CSV0000000000026508,286,measure,1,286,RANDOM_TYPO
UK_CSV0000000000026508,286,ethnicity,1,286,RANDOM_TYPO
UK_CSV0000000000026508,286,ethnicitytype,1,286,RANDOM_TYPO
UK_CSV0000000000026508,286,geographytype,1,286,RANDOM_TYPO
UK_CSV0000000000026508,286,numberofstopandsearches,1,286,RANDOM_TYPO
UK_CSV0000000000026508,287,timevalue,1,287,RANDOM_TYPO
UK_CSV0000000000026508,287,ethnicity,1,287,RANDOM_TYPO
UK_CSV0000000000026508,287,numberofstopandsearches,1,287,RANDOM_TYPO
UK_CSV0000000000026508,287,rateper_one_zero_zero_zeropopulationbyethnicity,1,287,RANDOM_TYPO
UK_CSV0000000000026508,288,measure,1,288,RANDOM_TYPO
UK_CSV0000000000026508,288,timevalue,1,288,RANDOM_TYPO
UK_CSV0000000000026508,288,ethnicity,1,288,RANDOM_TYPO
UK_CSV0000000000026508,288,totalnumberofstopandsearchcarriedoutinthisyearinth,1,288,RANDOM_TYPO
UK_CSV0000000000026508,289,legislationtype,1,289,RANDOM_TYPO
UK_CSV0000000000026508,289,rateper_one_zero_zero_zeropopulationbyethnicity,1,289,RANDOM_TYPO
UK_CSV0000000000026508,290,timevalue,1,290,RANDOM_TYPO
UK_CSV0000000000026508,290,geography,1,290,RANDOM_TYPO
UK_CSV0000000000026508,290,totalnumberofstopandsearchcarriedoutinthisyearinth,1,290,RANDOM_TYPO
UK_CSV0000000000026508,291,timetype,1,291,RANDOM_TYPO
UK_CSV0000000000026508,291,totalnumberofstopandsearchcarriedoutinthisyearinth,1,291,RANDOM_TYPO
UK_CSV0000000000026508,292,timetype,1,292,RANDOM_TYPO
UK_CSV0000000000026508,292,geographytype,1,292,RANDOM_TYPO
UK_CSV0000000000026508,293,ethnicity,1,293,RANDOM_TYPO
UK_CSV0000000000026508,293,ethnicitytype,1,293,RANDOM_TYPO
UK_CSV0000000000026508,293,totalnumberofstopandsearchcarriedoutinthisyearinth,1,293,RANDOM_TYPO
UK_CSV0000000000026508,293,populationbyethnicity,1,293,RANDOM_TYPO
UK_CSV0000000000026508,293,rateper_one_zero_zero_zeropopulationbyethnicity,1,293,RANDOM_TYPO
UK_CSV0000000000026508,294,legislationtype,1,294,RANDOM_TYPO
UK_CSV0000000000026508,294,rateper_one_zero_zero_zeropopulationbyethnicity,1,294,RANDOM_TYPO
UK_CSV0000000000026508,295,measure,1,295,RANDOM_TYPO
UK_CSV0000000000026508,295,timevalue,1,295,RANDOM_TYPO
UK_CSV0000000000026508,295,timetype,1,295,RANDOM_TYPO
UK_CSV0000000000026508,295,legislationtype,1,295,RANDOM_TYPO
UK_CSV0000000000026508,295,totalnumberofstopandsearchcarriedoutinthisyearinth,1,295,RANDOM_TYPO
UK_CSV0000000000026508,295,populationbyethnicity,1,295,RANDOM_TYPO
UK_CSV0000000000026508,296,timevalue,1,296,RANDOM_TYPO
UK_CSV0000000000026508,296,geography,1,296,RANDOM_TYPO
UK_CSV0000000000026508,296,totalnumberofstopandsearchcarriedoutinthisyearinth,1,296,RANDOM_TYPO
UK_CSV0000000000026508,297,measure,1,297,RANDOM_TYPO
UK_CSV0000000000026508,297,timetype,1,297,RANDOM_TYPO
UK_CSV0000000000026508,298,timevalue,1,298,RANDOM_TYPO
UK_CSV0000000000026508,298,ethnicity,1,298,RANDOM_TYPO
UK_CSV0000000000026508,298,numberofstopandsearches,1,298,RANDOM_TYPO
UK_CSV0000000000026508,299,timevalue,1,299,RANDOM_TYPO
UK_CSV0000000000026508,300,legislationtype,1,300,RANDOM_TYPO
UK_CSV0000000000026508,300,populationbyethnicity,1,300,RANDOM_TYPO
UK_CSV0000000000026508,300,rateper_one_zero_zero_zeropopulationbyethnicity,1,300,RANDOM_TYPO
UK_CSV0000000000026508,301,timetype,1,301,RANDOM_TYPO
UK_CSV0000000000026508,301,numberofstopandsearches,1,301,RANDOM_TYPO
UK_CSV0000000000026508,302,legislationtype,1,302,RANDOM_TYPO
UK_CSV0000000000026508,302,numberofstopandsearches,1,302,RANDOM_TYPO
UK_CSV0000000000026508,303,measure,1,303,RANDOM_TYPO
UK_CSV0000000000026508,303,timevalue,1,303,RANDOM_TYPO
UK_CSV0000000000026508,303,geography,1,303,RANDOM_TYPO
UK_CSV0000000000026508,303,geographytype,1,303,RANDOM_TYPO
UK_CSV0000000000026508,303,totalnumberofstopandsearchcarriedoutinthisyearinth,1,303,RANDOM_TYPO
UK_CSV0000000000026508,304,geographytype,1,304,RANDOM_TYPO
UK_CSV0000000000026508,305,timevalue,1,305,RANDOM_TYPO
UK_CSV0000000000026508,305,numberofstopandsearches,1,305,RANDOM_TYPO
UK_CSV0000000000026508,305,totalnumberofstopandsearchcarriedoutinthisyearinth,1,305,RANDOM_TYPO
UK_CSV0000000000026508,306,geography,1,306,RANDOM_TYPO
UK_CSV0000000000026508,306,numberofstopandsearches,1,306,RANDOM_TYPO
UK_CSV0000000000026508,306,totalnumberofstopandsearchcarriedoutinthisyearinth,1,306,RANDOM_TYPO
UK_CSV0000000000026508,306,rateper_one_zero_zero_zeropopulationbyethnicity,1,306,RANDOM_TYPO
UK_CSV0000000000026508,307,timetype,1,307,RANDOM_TYPO
UK_CSV0000000000026508,307,legislationtype,1,307,RANDOM_TYPO
UK_CSV0000000000026508,307,geographytype,1,307,RANDOM_TYPO
UK_CSV0000000000026508,307,totalnumberofstopandsearchcarriedoutinthisyearinth,1,307,RANDOM_TYPO
UK_CSV0000000000026508,308,ethnicitytype,1,308,RANDOM_TYPO
UK_CSV0000000000026508,309,measure,1,309,RANDOM_TYPO
UK_CSV0000000000026508,309,numberofstopandsearches,1,309,RANDOM_TYPO
UK_CSV0000000000026508,309,rateper_one_zero_zero_zeropopulationbyethnicity,1,309,RANDOM_TYPO
UK_CSV0000000000026508,310,ethnicitytype,1,310,RANDOM_TYPO
UK_CSV0000000000026508,310,geography,1,310,RANDOM_TYPO
UK_CSV0000000000026508,310,rateper_one_zero_zero_zeropopulationbyethnicity,1,310,RANDOM_TYPO
UK_CSV0000000000026508,311,legislationtype,1,311,RANDOM_TYPO
UK_CSV0000000000026508,311,geographytype,1,311,RANDOM_TYPO
UK_CSV0000000000026508,311,numberofstopandsearches,1,311,RANDOM_TYPO
UK_CSV0000000000026508,312,ethnicity,1,312,RANDOM_TYPO
UK_CSV0000000000026508,313,geography,1,313,RANDOM_TYPO
UK_CSV0000000000026508,313,rateper_one_zero_zero_zeropopulationbyethnicity,1,313,RANDOM_TYPO
UK_CSV0000000000026508,314,timevalue,1,314,RANDOM_TYPO
UK_CSV0000000000026508,314,numberofstopandsearches,1,314,RANDOM_TYPO
UK_CSV0000000000026508,315,measure,1,315,RANDOM_TYPO
UK_CSV0000000000026508,315,totalnumberofstopandsearchcarriedoutinthisyearinth,1,315,RANDOM_TYPO
UK_CSV0000000000026508,315,rateper_one_zero_zero_zeropopulationbyethnicity,1,315,RANDOM_TYPO
UK_CSV0000000000026508,316,measure,1,316,RANDOM_TYPO
UK_CSV0000000000026508,316,ethnicity,1,316,RANDOM_TYPO
UK_CSV0000000000026508,316,legislationtype,1,316,RANDOM_TYPO
UK_CSV0000000000026508,316,populationbyethnicity,1,316,RANDOM_TYPO
UK_CSV0000000000026508,317,ethnicity,1,317,RANDOM_TYPO
UK_CSV0000000000026508,317,geography,1,317,RANDOM_TYPO
UK_CSV0000000000026508,318,timevalue,1,318,RANDOM_TYPO
UK_CSV0000000000026508,318,legislationtype,1,318,RANDOM_TYPO
UK_CSV0000000000026508,318,geography,1,318,RANDOM_TYPO
UK_CSV0000000000026508,318,geographytype,1,318,RANDOM_TYPO
UK_CSV0000000000026508,318,numberofstopandsearches,1,318,RANDOM_TYPO
UK_CSV0000000000026508,318,populationbyethnicity,1,318,RANDOM_TYPO
UK_CSV0000000000026508,318,rateper_one_zero_zero_zeropopulationbyethnicity,1,318,RANDOM_TYPO
UK_CSV0000000000026508,319,legislationtype,1,319,RANDOM_TYPO
UK_CSV0000000000026508,319,numberofstopandsearches,1,319,RANDOM_TYPO
UK_CSV0000000000026508,320,legislationtype,1,320,RANDOM_TYPO
UK_CSV0000000000026508,320,geographytype,1,320,RANDOM_TYPO
UK_CSV0000000000026508,320,totalnumberofstopandsearchcarriedoutinthisyearinth,1,320,RANDOM_TYPO
UK_CSV0000000000026508,321,geography,1,321,RANDOM_TYPO
UK_CSV0000000000026508,322,measure,1,322,RANDOM_TYPO
UK_CSV0000000000026508,322,timevalue,1,322,RANDOM_TYPO
UK_CSV0000000000026508,322,ethnicity,1,322,RANDOM_TYPO
UK_CSV0000000000026508,324,ethnicity,1,324,RANDOM_TYPO
UK_CSV0000000000026508,324,geography,1,324,RANDOM_TYPO
UK_CSV0000000000026508,324,numberofstopandsearches,1,324,RANDOM_TYPO
UK_CSV0000000000026508,325,geography,1,325,RANDOM_TYPO
UK_CSV0000000000026508,325,populationbyethnicity,1,325,RANDOM_TYPO
UK_CSV0000000000026508,326,measure,1,326,RANDOM_TYPO
UK_CSV0000000000026508,326,legislationtype,1,326,RANDOM_TYPO
UK_CSV0000000000026508,326,numberofstopandsearches,1,326,RANDOM_TYPO
UK_CSV0000000000026508,326,totalnumberofstopandsearchcarriedoutinthisyearinth,1,326,RANDOM_TYPO
UK_CSV0000000000026508,327,ethnicitytype,1,327,RANDOM_TYPO
UK_CSV0000000000026508,327,legislationtype,1,327,RANDOM_TYPO
UK_CSV0000000000026508,327,geographytype,1,327,RANDOM_TYPO
UK_CSV0000000000026508,327,totalnumberofstopandsearchcarriedoutinthisyearinth,1,327,RANDOM_TYPO
UK_CSV0000000000026508,327,rateper_one_zero_zero_zeropopulationbyethnicity,1,327,RANDOM_TYPO
UK_CSV0000000000026508,328,ethnicity,1,328,RANDOM_TYPO
UK_CSV0000000000026508,328,totalnumberofstopandsearchcarriedoutinthisyearinth,1,328,RANDOM_TYPO
UK_CSV0000000000026508,329,measure,1,329,RANDOM_TYPO
UK_CSV0000000000026508,329,ethnicity,1,329,RANDOM_TYPO
UK_CSV0000000000026508,329,numberofstopandsearches,1,329,RANDOM_TYPO
UK_CSV0000000000026508,329,populationbyethnicity,1,329,RANDOM_TYPO
UK_CSV0000000000026508,330,timevalue,1,330,RANDOM_TYPO
UK_CSV0000000000026508,330,populationbyethnicity,1,330,RANDOM_TYPO
UK_CSV0000000000026508,331,measure,1,331,RANDOM_TYPO
UK_CSV0000000000026508,331,timevalue,1,331,RANDOM_TYPO
UK_CSV0000000000026508,331,ethnicitytype,1,331,RANDOM_TYPO
UK_CSV0000000000026508,331,geography,1,331,RANDOM_TYPO
UK_CSV0000000000026508,332,geography,1,332,RANDOM_TYPO
UK_CSV0000000000026508,333,timevalue,1,333,RANDOM_TYPO
UK_CSV0000000000026508,333,geography,1,333,RANDOM_TYPO
UK_CSV0000000000026508,333,geographytype,1,333,RANDOM_TYPO
UK_CSV0000000000026508,334,measure,1,334,RANDOM_TYPO
UK_CSV0000000000026508,334,timetype,1,334,RANDOM_TYPO
UK_CSV0000000000026508,334,legislationtype,1,334,RANDOM_TYPO
UK_CSV0000000000026508,334,totalnumberofstopandsearchcarriedoutinthisyearinth,1,334,RANDOM_TYPO
UK_CSV0000000000026508,335,geography,1,335,RANDOM_TYPO
UK_CSV0000000000026508,335,geographytype,1,335,RANDOM_TYPO
UK_CSV0000000000026508,335,populationbyethnicity,1,335,RANDOM_TYPO
UK_CSV0000000000026508,335,rateper_one_zero_zero_zeropopulationbyethnicity,1,335,RANDOM_TYPO
UK_CSV0000000000026508,336,ethnicity,1,336,RANDOM_TYPO
UK_CSV0000000000026508,336,ethnicitytype,1,336,RANDOM_TYPO
UK_CSV0000000000026508,336,geographytype,1,336,RANDOM_TYPO
UK_CSV0000000000026508,337,timevalue,1,337,RANDOM_TYPO
UK_CSV0000000000026508,337,timetype,1,337,RANDOM_TYPO
UK_CSV0000000000026508,338,measure,1,338,RANDOM_TYPO
UK_CSV0000000000026508,338,legislationtype,1,338,RANDOM_TYPO
UK_CSV0000000000026508,338,geographytype,1,338,RANDOM_TYPO
UK_CSV0000000000026508,338,numberofstopandsearches,1,338,RANDOM_TYPO
UK_CSV0000000000026508,338,populationbyethnicity,1,338,RANDOM_TYPO
UK_CSV0000000000026508,338,rateper_one_zero_zero_zeropopulationbyethnicity,1,338,RANDOM_TYPO
UK_CSV0000000000026508,340,geographytype,1,340,RANDOM_TYPO
UK_CSV0000000000026508,340,totalnumberofstopandsearchcarriedoutinthisyearinth,1,340,RANDOM_TYPO
UK_CSV0000000000026508,340,populationbyethnicity,1,340,RANDOM_TYPO
UK_CSV0000000000026508,340,rateper_one_zero_zero_zeropopulationbyethnicity,1,340,RANDOM_TYPO
UK_CSV0000000000026508,341,measure,1,341,RANDOM_TYPO
UK_CSV0000000000026508,341,populationbyethnicity,1,341,RANDOM_TYPO
UK_CSV0000000000026508,341,rateper_one_zero_zero_zeropopulationbyethnicity,1,341,RANDOM_TYPO
UK_CSV0000000000026508,342,legislationtype,1,342,RANDOM_TYPO
UK_CSV0000000000026508,342,geography,1,342,RANDOM_TYPO
UK_CSV0000000000026508,343,ethnicitytype,1,343,RANDOM_TYPO
UK_CSV0000000000026508,343,geography,1,343,RANDOM_TYPO
UK_CSV0000000000026508,343,geographytype,1,343,RANDOM_TYPO
UK_CSV0000000000026508,345,geography,1,345,RANDOM_TYPO
UK_CSV0000000000026508,345,numberofstopandsearches,1,345,RANDOM_TYPO
UK_CSV0000000000026508,346,geographytype,1,346,RANDOM_TYPO
UK_CSV0000000000026508,347,timetype,1,347,RANDOM_TYPO
UK_CSV0000000000026508,347,geographytype,1,347,RANDOM_TYPO
UK_CSV0000000000026508,347,totalnumberofstopandsearchcarriedoutinthisyearinth,1,347,RANDOM_TYPO
UK_CSV0000000000026508,347,populationbyethnicity,1,347,RANDOM_TYPO
UK_CSV0000000000026508,347,rateper_one_zero_zero_zeropopulationbyethnicity,1,347,RANDOM_TYPO
UK_CSV0000000000026508,348,ethnicity,1,348,RANDOM_TYPO
UK_CSV0000000000026508,348,geography,1,348,RANDOM_TYPO
UK_CSV0000000000026508,348,geographytype,1,348,RANDOM_TYPO
UK_CSV0000000000026508,348,totalnumberofstopandsearchcarriedoutinthisyearinth,1,348,RANDOM_TYPO
UK_CSV0000000000026508,349,measure,1,349,RANDOM_TYPO
UK_CSV0000000000026508,349,timetype,1,349,RANDOM_TYPO
UK_CSV0000000000026508,349,geographytype,1,349,RANDOM_TYPO
UK_CSV0000000000026508,350,timevalue,1,350,RANDOM_TYPO
UK_CSV0000000000026508,350,timetype,1,350,RANDOM_TYPO
UK_CSV0000000000026508,350,ethnicity,1,350,RANDOM_TYPO
UK_CSV0000000000026508,350,geography,1,350,RANDOM_TYPO
UK_CSV0000000000026508,350,numberofstopandsearches,1,350,RANDOM_TYPO
UK_CSV0000000000026508,351,ethnicitytype,1,351,RANDOM_TYPO
UK_CSV0000000000026508,351,numberofstopandsearches,1,351,RANDOM_TYPO
UK_CSV0000000000026508,352,geography,1,352,RANDOM_TYPO
UK_CSV0000000000026508,353,totalnumberofstopandsearchcarriedoutinthisyearinth,1,353,RANDOM_TYPO
UK_CSV0000000000026508,354,timetype,1,354,RANDOM_TYPO
UK_CSV0000000000026508,354,ethnicity,1,354,RANDOM_TYPO
UK_CSV0000000000026508,354,numberofstopandsearches,1,354,RANDOM_TYPO
UK_CSV0000000000026508,355,timetype,1,355,RANDOM_TYPO
UK_CSV0000000000026508,355,totalnumberofstopandsearchcarriedoutinthisyearinth,1,355,RANDOM_TYPO
UK_CSV0000000000026508,355,populationbyethnicity,1,355,RANDOM_TYPO
UK_CSV0000000000026508,356,timetype,1,356,RANDOM_TYPO
UK_CSV0000000000026508,356,legislationtype,1,356,RANDOM_TYPO
UK_CSV0000000000026508,356,numberofstopandsearches,1,356,RANDOM_TYPO
UK_CSV0000000000026508,357,totalnumberofstopandsearchcarriedoutinthisyearinth,1,357,RANDOM_TYPO
UK_CSV0000000000026508,357,populationbyethnicity,1,357,RANDOM_TYPO
UK_CSV0000000000026508,358,timevalue,1,358,RANDOM_TYPO
UK_CSV0000000000026508,358,ethnicity,1,358,RANDOM_TYPO
UK_CSV0000000000026508,358,geography,1,358,RANDOM_TYPO
UK_CSV0000000000026508,359,measure,1,359,RANDOM_TYPO
UK_CSV0000000000026508,359,ethnicity,1,359,RANDOM_TYPO
UK_CSV0000000000026508,359,legislationtype,1,359,RANDOM_TYPO
UK_CSV0000000000026508,360,ethnicity,1,360,RANDOM_TYPO
UK_CSV0000000000026508,360,ethnicitytype,1,360,RANDOM_TYPO
UK_CSV0000000000026508,360,legislationtype,1,360,RANDOM_TYPO
UK_CSV0000000000026508,360,totalnumberofstopandsearchcarriedoutinthisyearinth,1,360,RANDOM_TYPO
UK_CSV0000000000026508,361,timevalue,1,361,RANDOM_TYPO
UK_CSV0000000000026508,361,geographytype,1,361,RANDOM_TYPO
UK_CSV0000000000026508,361,rateper_one_zero_zero_zeropopulationbyethnicity,1,361,RANDOM_TYPO
UK_CSV0000000000026508,362,measure,1,362,RANDOM_TYPO
UK_CSV0000000000026508,362,geography,1,362,RANDOM_TYPO
UK_CSV0000000000026508,362,totalnumberofstopandsearchcarriedoutinthisyearinth,1,362,RANDOM_TYPO
UK_CSV0000000000026508,363,timevalue,1,363,RANDOM_TYPO
UK_CSV0000000000026508,363,ethnicitytype,1,363,RANDOM_TYPO
UK_CSV0000000000026508,363,numberofstopandsearches,1,363,RANDOM_TYPO
UK_CSV0000000000026508,363,populationbyethnicity,1,363,RANDOM_TYPO
UK_CSV0000000000026508,364,rateper_one_zero_zero_zeropopulationbyethnicity,1,364,RANDOM_TYPO
UK_CSV0000000000026508,365,timetype,1,365,RANDOM_TYPO
UK_CSV0000000000026508,365,ethnicitytype,1,365,RANDOM_TYPO
UK_CSV0000000000026508,365,legislationtype,1,365,RANDOM_TYPO
UK_CSV0000000000026508,365,geographytype,1,365,RANDOM_TYPO
UK_CSV0000000000026508,366,ethnicitytype,1,366,RANDOM_TYPO
UK_CSV0000000000026508,366,geography,1,366,RANDOM_TYPO
UK_CSV0000000000026508,366,totalnumberofstopandsearchcarriedoutinthisyearinth,1,366,RANDOM_TYPO
UK_CSV0000000000026508,366,populationbyethnicity,1,366,RANDOM_TYPO
UK_CSV0000000000026508,367,measure,1,367,RANDOM_TYPO
UK_CSV0000000000026508,367,timevalue,1,367,RANDOM_TYPO
UK_CSV0000000000026508,367,timetype,1,367,RANDOM_TYPO
UK_CSV0000000000026508,367,ethnicitytype,1,367,RANDOM_TYPO
UK_CSV0000000000026508,367,legislationtype,1,367,RANDOM_TYPO
UK_CSV0000000000026508,367,geography,1,367,RANDOM_TYPO
UK_CSV0000000000026508,367,numberofstopandsearches,1,367,RANDOM_TYPO
UK_CSV0000000000026508,367,populationbyethnicity,1,367,RANDOM_TYPO
UK_CSV0000000000026508,368,timetype,1,368,RANDOM_TYPO
UK_CSV0000000000026508,368,numberofstopandsearches,1,368,RANDOM_TYPO
UK_CSV0000000000026508,369,geography,1,369,RANDOM_TYPO
UK_CSV0000000000026508,370,ethnicity,1,370,RANDOM_TYPO
UK_CSV0000000000026508,371,measure,1,371,RANDOM_TYPO
UK_CSV0000000000026508,371,ethnicitytype,1,371,RANDOM_TYPO
UK_CSV0000000000026508,371,geography,1,371,RANDOM_TYPO
UK_CSV0000000000026508,371,totalnumberofstopandsearchcarriedoutinthisyearinth,1,371,RANDOM_TYPO
UK_CSV0000000000026508,371,populationbyethnicity,1,371,RANDOM_TYPO
UK_CSV0000000000026508,371,rateper_one_zero_zero_zeropopulationbyethnicity,1,371,RANDOM_TYPO
UK_CSV0000000000026508,372,measure,1,372,RANDOM_TYPO
UK_CSV0000000000026508,372,timevalue,1,372,RANDOM_TYPO
UK_CSV0000000000026508,372,geography,1,372,RANDOM_TYPO
UK_CSV0000000000026508,372,populationbyethnicity,1,372,RANDOM_TYPO
UK_CSV0000000000026508,373,measure,1,373,RANDOM_TYPO
UK_CSV0000000000026508,373,timevalue,1,373,RANDOM_TYPO
UK_CSV0000000000026508,373,timetype,1,373,RANDOM_TYPO
UK_CSV0000000000026508,373,ethnicitytype,1,373,RANDOM_TYPO
UK_CSV0000000000026508,373,legislationtype,1,373,RANDOM_TYPO
UK_CSV0000000000026508,373,geographytype,1,373,RANDOM_TYPO
UK_CSV0000000000026508,373,numberofstopandsearches,1,373,RANDOM_TYPO
UK_CSV0000000000026508,373,rateper_one_zero_zero_zeropopulationbyethnicity,1,373,RANDOM_TYPO
UK_CSV0000000000026508,374,timetype,1,374,RANDOM_TYPO
UK_CSV0000000000026508,374,geography,1,374,RANDOM_TYPO
UK_CSV0000000000026508,374,totalnumberofstopandsearchcarriedoutinthisyearinth,1,374,RANDOM_TYPO
UK_CSV0000000000026508,374,rateper_one_zero_zero_zeropopulationbyethnicity,1,374,RANDOM_TYPO
UK_CSV0000000000026508,375,ethnicity,1,375,RANDOM_TYPO
UK_CSV0000000000026508,375,geography,1,375,RANDOM_TYPO
UK_CSV0000000000026508,375,geographytype,1,375,RANDOM_TYPO
UK_CSV0000000000026508,375,totalnumberofstopandsearchcarriedoutinthisyearinth,1,375,RANDOM_TYPO
UK_CSV0000000000026508,375,populationbyethnicity,1,375,RANDOM_TYPO
UK_CSV0000000000026508,375,rateper_one_zero_zero_zeropopulationbyethnicity,1,375,RANDOM_TYPO
UK_CSV0000000000026508,376,totalnumberofstopandsearchcarriedoutinthisyearinth,1,376,RANDOM_TYPO
UK_CSV0000000000026508,377,timetype,1,377,RANDOM_TYPO
UK_CSV0000000000026508,377,geographytype,1,377,RANDOM_TYPO
UK_CSV0000000000026508,378,timetype,1,378,RANDOM_TYPO
UK_CSV0000000000026508,378,ethnicitytype,1,378,RANDOM_TYPO
UK_CSV0000000000026508,378,numberofstopandsearches,1,378,RANDOM_TYPO
UK_CSV0000000000026508,379,timetype,1,379,RANDOM_TYPO
UK_CSV0000000000026508,379,totalnumberofstopandsearchcarriedoutinthisyearinth,1,379,RANDOM_TYPO
UK_CSV0000000000026508,380,numberofstopandsearches,1,380,RANDOM_TYPO
UK_CSV0000000000026508,380,rateper_one_zero_zero_zeropopulationbyethnicity,1,380,RANDOM_TYPO
UK_CSV0000000000026508,381,geography,1,381,RANDOM_TYPO
UK_CSV0000000000026508,381,numberofstopandsearches,1,381,RANDOM_TYPO
UK_CSV0000000000026508,382,measure,1,382,RANDOM_TYPO
UK_CSV0000000000026508,382,timevalue,1,382,RANDOM_TYPO
UK_CSV0000000000026508,382,timetype,1,382,RANDOM_TYPO
UK_CSV0000000000026508,382,geographytype,1,382,RANDOM_TYPO
UK_CSV0000000000026508,383,geographytype,1,383,RANDOM_TYPO
UK_CSV0000000000026508,383,totalnumberofstopandsearchcarriedoutinthisyearinth,1,383,RANDOM_TYPO
UK_CSV0000000000026508,383,rateper_one_zero_zero_zeropopulationbyethnicity,1,383,RANDOM_TYPO
UK_CSV0000000000026508,384,geography,1,384,RANDOM_TYPO
UK_CSV0000000000026508,384,rateper_one_zero_zero_zeropopulationbyethnicity,1,384,RANDOM_TYPO
UK_CSV0000000000026508,385,ethnicity,1,385,RANDOM_TYPO
UK_CSV0000000000026508,385,legislationtype,1,385,RANDOM_TYPO
UK_CSV0000000000026508,385,geography,1,385,RANDOM_TYPO
UK_CSV0000000000026508,385,totalnumberofstopandsearchcarriedoutinthisyearinth,1,385,RANDOM_TYPO
UK_CSV0000000000026508,386,measure,1,386,RANDOM_TYPO
UK_CSV0000000000026508,386,timevalue,1,386,RANDOM_TYPO
UK_CSV0000000000026508,386,timetype,1,386,RANDOM_TYPO
UK_CSV0000000000026508,386,numberofstopandsearches,1,386,RANDOM_TYPO
UK_CSV0000000000026508,387,ethnicitytype,1,387,RANDOM_TYPO
UK_CSV0000000000026508,387,totalnumberofstopandsearchcarriedoutinthisyearinth,1,387,RANDOM_TYPO
UK_CSV0000000000026508,388,timetype,1,388,RANDOM_TYPO
UK_CSV0000000000026508,388,ethnicitytype,1,388,RANDOM_TYPO
UK_CSV0000000000026508,388,geographytype,1,388,RANDOM_TYPO
UK_CSV0000000000026508,389,ethnicity,1,389,RANDOM_TYPO
UK_CSV0000000000026508,389,legislationtype,1,389,RANDOM_TYPO
UK_CSV0000000000026508,389,totalnumberofstopandsearchcarriedoutinthisyearinth,1,389,RANDOM_TYPO
UK_CSV0000000000026508,390,geographytype,1,390,RANDOM_TYPO
UK_CSV0000000000026508,391,timetype,1,391,RANDOM_TYPO
UK_CSV0000000000026508,391,ethnicity,1,391,RANDOM_TYPO
UK_CSV0000000000026508,391,ethnicitytype,1,391,RANDOM_TYPO
UK_CSV0000000000026508,391,legislationtype,1,391,RANDOM_TYPO
UK_CSV0000000000026508,391,geography,1,391,RANDOM_TYPO
UK_CSV0000000000026508,392,timetype,1,392,RANDOM_TYPO
UK_CSV0000000000026508,392,totalnumberofstopandsearchcarriedoutinthisyearinth,1,392,RANDOM_TYPO
UK_CSV0000000000026508,393,ethnicity,1,393,RANDOM_TYPO
UK_CSV0000000000026508,393,geography,1,393,RANDOM_TYPO
UK_CSV0000000000026508,393,totalnumberofstopandsearchcarriedoutinthisyearinth,1,393,RANDOM_TYPO
UK_CSV0000000000026508,394,measure,1,394,RANDOM_TYPO
UK_CSV0000000000026508,394,geography,1,394,RANDOM_TYPO
UK_CSV0000000000026508,394,geographytype,1,394,RANDOM_TYPO
UK_CSV0000000000026508,395,timevalue,1,395,RANDOM_TYPO
UK_CSV0000000000026508,395,legislationtype,1,395,RANDOM_TYPO
UK_CSV0000000000026508,396,numberofstopandsearches,1,396,RANDOM_TYPO
UK_CSV0000000000026508,396,populationbyethnicity,1,396,RANDOM_TYPO
UK_CSV0000000000026508,397,measure,1,397,RANDOM_TYPO
UK_CSV0000000000026508,397,timetype,1,397,RANDOM_TYPO
UK_CSV0000000000026508,397,geography,1,397,RANDOM_TYPO
UK_CSV0000000000026508,398,measure,1,398,RANDOM_TYPO
UK_CSV0000000000026508,398,timetype,1,398,RANDOM_TYPO
UK_CSV0000000000026508,398,geography,1,398,RANDOM_TYPO
UK_CSV0000000000026508,398,geographytype,1,398,RANDOM_TYPO
UK_CSV0000000000026508,398,totalnumberofstopandsearchcarriedoutinthisyearinth,1,398,RANDOM_TYPO
UK_CSV0000000000026508,398,populationbyethnicity,1,398,RANDOM_TYPO
UK_CSV0000000000026508,399,geography,1,399,RANDOM_TYPO
UK_CSV0000000000026508,399,populationbyethnicity,1,399,RANDOM_TYPO
UK_CSV0000000000026508,399,rateper_one_zero_zero_zeropopulationbyethnicity,1,399,RANDOM_TYPO
UK_CSV0000000000026508,400,timevalue,1,400,RANDOM_TYPO
UK_CSV0000000000026508,400,timetype,1,400,RANDOM_TYPO
UK_CSV0000000000026508,400,totalnumberofstopandsearchcarriedoutinthisyearinth,1,400,RANDOM_TYPO
UK_CSV0000000000026508,401,measure,1,401,RANDOM_TYPO
UK_CSV0000000000026508,401,timevalue,1,401,RANDOM_TYPO
UK_CSV0000000000026508,401,timetype,1,401,RANDOM_TYPO
UK_CSV0000000000026508,401,populationbyethnicity,1,401,RANDOM_TYPO
UK_CSV0000000000026508,402,timevalue,1,402,RANDOM_TYPO
UK_CSV0000000000026508,402,numberofstopandsearches,1,402,RANDOM_TYPO
UK_CSV0000000000026508,402,populationbyethnicity,1,402,RANDOM_TYPO
UK_CSV0000000000026508,402,rateper_one_zero_zero_zeropopulationbyethnicity,1,402,RANDOM_TYPO
UK_CSV0000000000026508,403,measure,1,403,RANDOM_TYPO
UK_CSV0000000000026508,403,ethnicitytype,1,403,RANDOM_TYPO
UK_CSV0000000000026508,403,geography,1,403,RANDOM_TYPO
UK_CSV0000000000026508,403,numberofstopandsearches,1,403,RANDOM_TYPO
UK_CSV0000000000026508,403,populationbyethnicity,1,403,RANDOM_TYPO
UK_CSV0000000000026508,404,numberofstopandsearches,1,404,RANDOM_TYPO
UK_CSV0000000000026508,405,timevalue,1,405,RANDOM_TYPO
UK_CSV0000000000026508,405,ethnicitytype,1,405,RANDOM_TYPO
UK_CSV0000000000026508,405,geographytype,1,405,RANDOM_TYPO
UK_CSV0000000000026508,406,measure,1,406,RANDOM_TYPO
UK_CSV0000000000026508,406,ethnicity,1,406,RANDOM_TYPO
UK_CSV0000000000026508,406,rateper_one_zero_zero_zeropopulationbyethnicity,1,406,RANDOM_TYPO
UK_CSV0000000000026508,407,timevalue,1,407,RANDOM_TYPO
UK_CSV0000000000026508,407,timetype,1,407,RANDOM_TYPO
UK_CSV0000000000026508,407,ethnicity,1,407,RANDOM_TYPO
UK_CSV0000000000026508,407,legislationtype,1,407,RANDOM_TYPO
UK_CSV0000000000026508,407,rateper_one_zero_zero_zeropopulationbyethnicity,1,407,RANDOM_TYPO
UK_CSV0000000000026508,408,measure,1,408,RANDOM_TYPO
UK_CSV0000000000026508,408,timetype,1,408,RANDOM_TYPO
UK_CSV0000000000026508,408,ethnicity,1,408,RANDOM_TYPO
UK_CSV0000000000026508,408,ethnicitytype,1,408,RANDOM_TYPO
UK_CSV0000000000026508,409,timevalue,1,409,RANDOM_TYPO
UK_CSV0000000000026508,409,ethnicitytype,1,409,RANDOM_TYPO
UK_CSV0000000000026508,409,geographytype,1,409,RANDOM_TYPO
UK_CSV0000000000026508,410,measure,1,410,RANDOM_TYPO
UK_CSV0000000000026508,410,ethnicity,1,410,RANDOM_TYPO
UK_CSV0000000000026508,410,numberofstopandsearches,1,410,RANDOM_TYPO
UK_CSV0000000000026508,410,populationbyethnicity,1,410,RANDOM_TYPO
UK_CSV0000000000026508,410,rateper_one_zero_zero_zeropopulationbyethnicity,1,410,RANDOM_TYPO
UK_CSV0000000000026508,411,legislationtype,1,411,RANDOM_TYPO
UK_CSV0000000000026508,411,populationbyethnicity,1,411,RANDOM_TYPO
UK_CSV0000000000026508,412,timevalue,1,412,RANDOM_TYPO
UK_CSV0000000000026508,412,timetype,1,412,RANDOM_TYPO
UK_CSV0000000000026508,412,ethnicity,1,412,RANDOM_TYPO
UK_CSV0000000000026508,412,numberofstopandsearches,1,412,RANDOM_TYPO
UK_CSV0000000000026508,413,timetype,1,413,RANDOM_TYPO
UK_CSV0000000000026508,413,geography,1,413,RANDOM_TYPO
UK_CSV0000000000026508,413,numberofstopandsearches,1,413,RANDOM_TYPO
UK_CSV0000000000026508,413,rateper_one_zero_zero_zeropopulationbyethnicity,1,413,RANDOM_TYPO
UK_CSV0000000000026508,414,timevalue,1,414,RANDOM_TYPO
UK_CSV0000000000026508,414,numberofstopandsearches,1,414,RANDOM_TYPO
UK_CSV0000000000026508,414,populationbyethnicity,1,414,RANDOM_TYPO
UK_CSV0000000000026508,415,timevalue,1,415,RANDOM_TYPO
UK_CSV0000000000026508,415,ethnicity,1,415,RANDOM_TYPO
UK_CSV0000000000026508,416,legislationtype,1,416,RANDOM_TYPO
UK_CSV0000000000026508,416,populationbyethnicity,1,416,RANDOM_TYPO
UK_CSV0000000000026508,416,rateper_one_zero_zero_zeropopulationbyethnicity,1,416,RANDOM_TYPO
UK_CSV0000000000026508,417,measure,1,417,RANDOM_TYPO
UK_CSV0000000000026508,417,numberofstopandsearches,1,417,RANDOM_TYPO
UK_CSV0000000000026508,417,totalnumberofstopandsearchcarriedoutinthisyearinth,1,417,RANDOM_TYPO
UK_CSV0000000000026508,418,measure,1,418,RANDOM_TYPO
UK_CSV0000000000026508,418,ethnicity,1,418,RANDOM_TYPO
UK_CSV0000000000026508,418,legislationtype,1,418,RANDOM_TYPO
UK_CSV0000000000026508,418,totalnumberofstopandsearchcarriedoutinthisyearinth,1,418,RANDOM_TYPO
UK_CSV0000000000026508,419,timevalue,1,419,RANDOM_TYPO
UK_CSV0000000000026508,420,timetype,1,420,RANDOM_TYPO
UK_CSV0000000000026508,420,legislationtype,1,420,RANDOM_TYPO
UK_CSV0000000000026508,420,numberofstopandsearches,1,420,RANDOM_TYPO
UK_CSV0000000000026508,421,measure,1,421,RANDOM_TYPO
UK_CSV0000000000026508,421,numberofstopandsearches,1,421,RANDOM_TYPO
UK_CSV0000000000026508,421,populationbyethnicity,1,421,RANDOM_TYPO
UK_CSV0000000000026508,421,rateper_one_zero_zero_zeropopulationbyethnicity,1,421,RANDOM_TYPO
UK_CSV0000000000026508,422,ethnicitytype,1,422,RANDOM_TYPO
UK_CSV0000000000026508,422,geographytype,1,422,RANDOM_TYPO
UK_CSV0000000000026508,423,measure,1,423,RANDOM_TYPO
UK_CSV0000000000026508,423,timevalue,1,423,RANDOM_TYPO
UK_CSV0000000000026508,423,geographytype,1,423,RANDOM_TYPO
UK_CSV0000000000026508,423,rateper_one_zero_zero_zeropopulationbyethnicity,1,423,RANDOM_TYPO
UK_CSV0000000000026508,424,timevalue,1,424,RANDOM_TYPO
UK_CSV0000000000026508,424,geography,1,424,RANDOM_TYPO
UK_CSV0000000000026508,424,numberofstopandsearches,1,424,RANDOM_TYPO
UK_CSV0000000000026508,425,timetype,1,425,RANDOM_TYPO
UK_CSV0000000000026508,425,legislationtype,1,425,RANDOM_TYPO
UK_CSV0000000000026508,426,ethnicity,1,426,RANDOM_TYPO
UK_CSV0000000000026508,426,totalnumberofstopandsearchcarriedoutinthisyearinth,1,426,RANDOM_TYPO
UK_CSV0000000000026508,426,rateper_one_zero_zero_zeropopulationbyethnicity,1,426,RANDOM_TYPO
UK_CSV0000000000026508,427,timetype,1,427,RANDOM_TYPO
UK_CSV0000000000026508,427,geography,1,427,RANDOM_TYPO
UK_CSV0000000000026508,427,numberofstopandsearches,1,427,RANDOM_TYPO
UK_CSV0000000000026508,428,timevalue,1,428,RANDOM_TYPO
UK_CSV0000000000026508,428,ethnicitytype,1,428,RANDOM_TYPO
UK_CSV0000000000026508,428,geographytype,1,428,RANDOM_TYPO
UK_CSV0000000000026508,428,totalnumberofstopandsearchcarriedoutinthisyearinth,1,428,RANDOM_TYPO
UK_CSV0000000000026508,428,rateper_one_zero_zero_zeropopulationbyethnicity,1,428,RANDOM_TYPO
UK_CSV0000000000026508,429,timetype,1,429,RANDOM_TYPO
UK_CSV0000000000026508,429,ethnicitytype,1,429,RANDOM_TYPO
UK_CSV0000000000026508,429,legislationtype,1,429,RANDOM_TYPO
UK_CSV0000000000026508,429,numberofstopandsearches,1,429,RANDOM_TYPO
UK_CSV0000000000026508,429,rateper_one_zero_zero_zeropopulationbyethnicity,1,429,RANDOM_TYPO
UK_CSV0000000000026508,430,timetype,1,430,RANDOM_TYPO
UK_CSV0000000000026508,431,ethnicitytype,1,431,RANDOM_TYPO
UK_CSV0000000000026508,431,geography,1,431,RANDOM_TYPO
UK_CSV0000000000026508,431,geographytype,1,431,RANDOM_TYPO
UK_CSV0000000000026508,431,rateper_one_zero_zero_zeropopulationbyethnicity,1,431,RANDOM_TYPO
